YEAR;MONTH;DAY;TEMP;VISIB
2015;1;1;12.756666666666666;5.286666666666666
2015;1;2;21.97666666666667;4.21
2015;1;3;31.25;6.043333333333333
2015;1;4;31.393333333333334;7.109999999999999
2015;1;5;27.22;6.44
2015;1;6;5.559999999999999;7.693333333333333
2015;1;7;-14.716666666666665;8.986666666666668
2015;1;8;-6.980000000000001;7.873333333333332
2015;1;9;8.666666666666666;5.986666666666666
2015;1;10;17.89666666666667;4.623333333333333
2015;1;11;26.76;3.7766666666666664
2015;1;12;29.560000000000002;7.693333333333335
2015;1;13;28.503333333333337;6.816666666666667
2015;1;14;33.25;7.8100000000000005
2015;1;15;32.27666666666667;7.92
2015;1;16;25.643333333333334;5.666666666666667
2015;1;17;20.056666666666665;72.88333333333333
2015;1;18;26.169999999999998;4.9833333333333325
2015;1;19;30.810000000000002;5.313333333333334
2015;1;20;18.273333333333333;7.953333333333333
2015;1;21;3.5166666666666666;74.93666666666667
2015;1;22;-1.1800000000000002;8.626666666666669
2015;1;23;-0.6233333333333332;8.443333333333333
2015;1;24;3.5900000000000007;74.36
2015;1;25;6.196666666666667;8.636666666666667
2015;1;26;2.943333333333334;8.613333333333333
2015;1;27;4.659999999999999;8.23
2015;1;28;9.88;4.983333333333333
2015;1;29;10.319999999999999;7.903333333333333
2015;1;30;8.879999999999999;7.426666666666668
2015;1;31;18.386666666666663;7.043333333333334
2015;2;1;22.883333333333333;6.706666666666668
2015;2;2;27.76666666666667;4.016666666666667
2015;2;3;27.3;4.653333333333334
2015;2;4;26.45666666666667;5.243333333333333
2015;2;5;23.406666666666666;5.316666666666666
2015;2;6;11.49;6.8966666666666665
2015;2;7;4.59;6.51
2015;2;8;13.970000000000002;5.653333333333334
2015;2;9;24.466666666666665;6.5
2015;2;10;14.056666666666667;7.74
2015;2;11;13.686666666666667;7.6433333333333335
2015;2;12;23.696666666666665;5.746666666666667
2015;2;13;25.633333333333333;5.503333333333333
2015;2;14;23.610000000000003;7.633333333333333
2015;2;15;22.409999999999997;5.79
2015;2;16;13.316666666666666;7.18
2015;2;17;4.880000000000001;74.87333333333333
2015;2;18;5.84;76.02333333333334
2015;2;19;9.25;75.32666666666667
2015;2;20;16.116666666666667;7.8933333333333335
2015;2;21;28.356666666666666;7.859999999999999
2015;2;22;31.256666666666668;8.03
2015;2;23;30.063333333333333;8.753333333333334
2015;2;24;29.436666666666667;8.91
2015;2;25;28.886666666666667;141.55
2015;2;26;25.03333333333333;6.996666666666667
2015;2;27;24.39666666666667;5.566666666666666
2015;2;28;24.3;6.5566666666666675
2015;3;1;22.96333333333333;8.416666666666668
2015;3;2;24.46666666666667;74.59
2015;3;3;22.363333333333333;75.57666666666667
2015;3;4;16.95;7.963333333333333
2015;3;5;13.286666666666667;7.723333333333334
2015;3;6;14.060000000000002;7.483333333333334
2015;3;7;16.776666666666667;6.81
2015;3;8;20.023333333333337;8.143333333333334
2015;3;9;31.71333333333333;5.279999999999999
2015;3;10;35.94;8.416666666666668
2015;3;11;33.27333333333333;74.53666666666666
2015;3;12;35.413333333333334;7.290000000000001
2015;3;13;33.1;8.726666666666668
2015;3;14;30.953333333333337;75.38333333333334
2015;3;15;32.276666666666664;75.41666666666666
2015;3;16;29.380000000000003;75.37666666666667
2015;3;17;28.630000000000003;75.92333333333333
2015;3;18;30.35;8.930000000000001
2015;3;19;32.94666666666667;75.36999999999999
2015;3;20;31.883333333333333;75.40333333333334
2015;3;21;33.36;75.22999999999999
2015;3;22;30.676666666666666;7.1899999999999995
2015;3;23;22.45333333333333;8.92
2015;3;24;25.376666666666672;7.3
2015;3;25;35.65333333333333;8.916666666666668
2015;3;26;29.59666666666667;74.95
2015;3;27;25.113333333333333;140.73000000000002
2015;3;28;25.436666666666664;141.66000000000003
2015;3;29;25.136666666666663;141.67000000000002
2015;3;30;25.616666666666667;142.06
2015;3;31;29.110000000000003;75.44666666666666
2015;4;1;33.14333333333333;75.47
2015;4;2;33.93;74.57333333333334
2015;4;3;32.92999999999999;140.84
2015;4;4;33.52333333333333;6.403333333333333
2015;4;5;32.92999999999999;4.946666666666667
2015;4;6;34.05;6.510000000000001
2015;4;7;36.53666666666667;8.216666666666667
2015;4;29;61.19333333333333;7.133333333333333
2015;4;30;63.163333333333334;8.423333333333336
2015;5;1;60.74666666666667;8.780000000000001
2015;5;2;61.03333333333334;8.673333333333336
2015;5;3;63.120000000000005;9.0
2015;5;4;61.04;8.673333333333334
2015;5;5;52.71333333333333;8.506666666666668
2015;5;6;48.986666666666665;273.6
2015;5;7;48.95333333333333;207.56666666666666
2015;5;8;51.59333333333333;207.66
2015;5;9;50.68666666666667;207.46666666666664
2015;5;10;53.22666666666667;207.48000000000002
2015;5;11;56.22666666666667;207.64000000000001
2015;5;12;57.625;8.291666666666666
2015;5;13;59.19333333333333;8.700000000000001
2015;5;14;61.31111111111111;6.866666666666666
2015;5;15;61.51111111111111;338.14444444444445
2015;5;16;55.333333333333336;6.766666666666666
2015;5;17;48.224999999999994;7.808333333333333
2015;5;18;48.75555555555555;6.322222222222222
2015;5;19;48.29999999999999;6.7555555555555555
2015;5;20;55.644444444444446;6.588888888888889
2015;5;21;62.111111111111114;6.744444444444444
2015;5;22;67.73333333333333;338.47777777777776
2015;5;23;69.84444444444445;6.811111111111111
2015;5;24;64.71111111111111;6.788888888888889
2015;5;25;61.155555555555566;6.855555555555555
2015;5;26;66.46666666666667;338.0444444444444
2015;5;27;72.83333333333333;6.955555555555556
2015;5;28;74.47777777777777;6.911111111111111
2015;5;29;76.56666666666668;6.955555555555556
2015;5;30;77.35555555555557;6.933333333333334
2015;5;31;75.37777777777778;6.833333333333333
2015;6;1;74.75555555555556;6.711111111111111
2015;6;2;68.33333333333333;6.777777777777778
2015;6;3;64.55555555555556;6.7555555555555555
2015;6;4;69.04444444444444;6.733333333333333
2015;6;5;61.68888888888889;338.1666666666667
2015;6;6;55.03333333333333;6.922222222222222
2015;6;7;60.56666666666666;337.9555555555556
2015;6;8;66.51111111111112;6.955555555555556
2015;6;9;59.52222222222222;6.8999999999999995
2015;6;10;54.166666666666664;6.911111111111111
2015;6;11;57.97777777777778;6.911111111111111
2015;6;12;59.43333333333334;6.922222222222222
2015;6;13;62.28888888888889;6.922222222222222
2015;6;14;70.84444444444445;338.17777777777775
2015;6;15;76.25555555555556;6.944444444444444
2015;6;16;71.18888888888888;6.922222222222222
2015;6;17;62.86666666666667;6.311111111111111
2015;6;18;59.166666666666664;6.8999999999999995
2015;6;19;63.099999999999994;6.788888888888889
2015;6;20;77.3;6.911111111111111
2015;6;21;79.39999999999999;6.8999999999999995
2015;6;22;75.1;6.788888888888889
2015;6;23;73.24444444444444;6.7555555555555555
2015;6;24;73.96666666666665;6.577777777777777
2015;6;25;75.04444444444444;6.433333333333333
2015;6;26;75.45555555555556;337.7888888888889
2015;6;27;77.04444444444444;338.0555555555556
2015;6;28;76.73333333333333;337.9222222222222
2015;6;29;68.7;6.599999999999999
2015;6;30;64.38888888888889;6.522222222222222
2015;7;1;65.26666666666667;6.8999999999999995
2015;7;2;68.3111111111111;6.811111111111111
2015;7;3;60.67777777777778;6.633333333333333
2015;7;4;65.83333333333333;6.588888888888889
2015;7;5;67.86666666666667;6.788888888888889
2015;7;6;57.46666666666667;6.911111111111111
2015;7;7;56.855555555555554;6.888888888888889
2015;7;8;62.455555555555556;6.866666666666666
2015;7;9;68.47777777777777;6.811111111111111
2015;7;10;73.58888888888889;6.311111111111111
2015;7;11;67.53333333333333;6.055555555555556
2015;7;12;58.81111111111111;5.622222222222223
2015;7;13;57.1;6.488888888888888
2015;7;14;60.03333333333333;6.688888888888889
2015;7;15;62.29999999999999;6.722222222222222
2015;7;16;62.12222222222223;6.8
2015;7;17;60.53333333333334;6.8
2015;7;18;61.29999999999999;6.944444444444444
2015;7;19;61.855555555555554;6.811111111111111
2015;7;20;65.86666666666667;6.433333333333333
2015;7;21;64.63333333333333;6.744444444444444
2015;7;22;61.9;6.866666666666666
2015;7;23;63.02222222222222;6.711111111111111
2015;7;24;65.78888888888889;6.2555555555555555
2015;7;25;66.08888888888889;6.866666666666666
2015;7;26;65.52222222222223;6.788888888888889
2015;7;27;68.12222222222222;6.822222222222222
2015;7;28;71.83333333333334;7.0666666666666655
2015;7;29;72.25555555555556;338.02222222222224
2015;7;30;69.10000000000001;6.688888888888889
2015;7;31;66.10000000000001;6.533333333333332
2015;8;1;61.62222222222223;6.355555555555555
2015;8;2;63.06666666666666;6.877777777777777
2015;8;3;63.74444444444445;6.944444444444444
2015;8;4;61.97777777777778;6.933333333333334
2015;8;5;61.25555555555555;6.911111111111111
2015;8;6;61.11111111111111;6.822222222222222
2015;8;7;63.17777777777778;337.7
2015;8;8;67.08888888888889;6.622222222222223
2015;8;9;70.14444444444445;6.7444444444444445
2015;8;10;69.43333333333334;6.888888888888889
2015;8;11;65.21111111111111;6.844444444444444
2015;8;12;62.44444444444445;6.611111111111111
2015;8;13;66.6111111111111;6.866666666666666
2015;8;14;62.800000000000004;6.666666666666667
2015;8;15;59.4;6.933333333333334
2015;8;16;58.01111111111111;6.922222222222222
2015;8;17;55.36666666666667;6.711111111111111
2015;8;18;53.944444444444436;6.0555555555555545
2015;8;19;51.577777777777776;6.811111111111111
2015;8;20;58.18888888888889;6.7444444444444445
2015;8;21;60.94444444444445;6.711111111111111
2015;8;22;63.15555555555556;6.277777777777778
2015;8;23;56.92222222222222;6.8999999999999995
2015;8;24;50.344444444444434;6.911111111111111
2015;8;25;59.644444444444446;6.911111111111111
2015;8;26;61.37777777777777;6.866666666666666
2015;8;27;64.14444444444445;6.722222222222221
2015;8;28;64.34444444444445;6.633333333333333
2015;8;29;62.57777777777778;6.466666666666666
2015;8;30;52.36666666666667;6.733333333333333
2015;8;31;51.37777777777777;6.699999999999999
2015;9;1;51.5;338.02222222222224
2015;9;2;54.81111111111111;6.911111111111111
2015;9;3;53.63333333333333;6.711111111111111
2015;9;4;55.13333333333333;6.7555555555555555
2015;9;5;59.4;6.3
2015;9;6;61.81111111111111;5.322222222222223
2015;9;7;65.10000000000001;6.311111111111111
2015;9;8;58.177777777777784;6.944444444444444
2015;9;9;56.144444444444446;6.911111111111111
2015;9;10;52.74444444444445;6.51111111111111
2015;9;11;51.322222222222216;6.7555555555555555
2015;9;12;49.9;6.877777777777777
2015;9;13;54.26666666666667;6.722222222222221
2015;9;14;55.65555555555556;337.73333333333335
2015;9;15;57.388888888888886;337.6222222222222
2015;9;16;56.26666666666667;6.077777777777777
2015;9;17;57.51111111111112;6.577777777777778
2015;9;18;63.31111111111111;448.53333333333336
2015;9;19;67.06666666666668;6.977777777777778
2015;9;20;60.87777777777777;338.0444444444444
2015;9;21;61.23333333333334;6.811111111111111
2015;9;22;64.08888888888889;448.53333333333336
2015;9;23;64.2;337.85555555555555
2015;9;24;65.04444444444444;337.6888888888889
2015;9;25;65.39999999999999;6.177777777777777
2015;9;26;65.67777777777779;337.8777777777778
2015;9;27;66.76666666666667;338.2666666666667
2015;9;28;68.34444444444445;338.1888888888889
2015;9;29;56.75555555555555;6.51111111111111
2015;9;30;46.0;6.466666666666666
2015;10;1;46.34166666666667;6.741666666666666
2015;10;2;49.275000000000006;6.433333333333333
2015;10;3;51.6625;7.475
2015;10;4;43.16666666666667;7.612499999999999
2015;10;5;51.5;256.03749999999997
2015;10;6;43.695833333333326;7.579166666666667
2015;10;7;32.675000000000004;7.624999999999999
2015;10;8;30.4625;7.2875
2015;10;9;29.699999999999996;7.566666666666667
2015;10;10;29.604166666666668;6.1125
2015;10;11;28.904166666666665;7.533333333333334
2015;10;12;31.470833333333335;8.104166666666668
2015;10;13;36.370000000000005;8.213333333333335
2015;10;14;38.22666666666667;8.343333333333334
2015;10;15;37.39;7.846666666666667
2015;10;16;39.48333333333333;7.9333333333333345
2015;10;17;42.37;8.03
2015;10;18;44.06666666666667;8.213333333333335
2015;10;19;39.3;6.553333333333333
2015;10;20;31.873333333333335;8.326666666666666
2015;10;21;27.75;8.206666666666667
2015;10;22;29.526666666666664;140.92000000000002
2015;10;23;31.659999999999997;6.653333333333333
2015;10;24;33.96333333333333;4.83
2015;10;25;33.410000000000004;4.26
2015;10;26;34.379999999999995;6.006666666666666
2015;10;27;37.39333333333334;6.693333333333333
2015;10;28;35.8;5.8
2015;10;29;31.56666666666667;6.763333333333334
2015;10;30;29.363333333333333;6.8533333333333335
2015;10;31;28.160000000000004;8.2
2015;11;1;30.936666666666667;7.613333333333334
2015;11;2;36.230000000000004;6.419999999999999
2015;11;3;41.00666666666667;5.366666666666667
2015;11;4;39.61;8.113333333333333
2015;11;5;39.083333333333336;6.6066666666666665
2015;11;6;34.06333333333333;8.213333333333335
2015;11;7;28.236666666666668;7.9
2015;11;8;29.689999999999998;7.786666666666667
2015;11;9;30.426666666666666;5.743333333333333
2015;11;10;32.03333333333334;3.5166666666666666
2015;11;11;34.01;3.8633333333333333
2015;11;12;32.94;4.426666666666668
2015;11;13;29.636666666666667;5.73
2015;11;14;24.443333333333335;6.959999999999999
2015;11;15;25.37;5.76
2015;11;16;28.409999999999997;5.076666666666666
2015;11;17;26.993333333333332;6.156666666666667
2015;11;18;24.080000000000002;5.976666666666667
2015;11;19;24.62333333333333;5.0600000000000005
2015;11;20;27.68;3.2800000000000002
2015;11;21;33.526666666666664;5.426666666666667
2015;11;22;38.013333333333335;3.6133333333333333
2015;11;23;41.17666666666667;5.99
2015;11;24;30.996666666666663;7.726666666666668
2015;11;25;29.4;5.95
2015;11;26;26.32;4.463333333333334
2015;11;27;21.2;7.49
2015;11;28;22.58;8.33
2015;11;29;22.12;7.909999999999999
2015;11;30;27.96;6.553333333333333
2015;12;1;32.14;4.74
2015;12;2;31.246666666666663;6.756666666666666
2015;12;3;29.419999999999998;7.063333333333334
2015;12;4;29.29333333333334;7.7
2015;12;5;30.25;5.286666666666667
2015;12;6;34.03333333333333;5.369999999999999
2015;12;7;36.60333333333333;6.193333333333333
2015;12;8;33.99;8.22
2015;12;9;30.726666666666667;8.303333333333333
2015;12;10;30.51;8.013333333333334
2015;12;11;29.143333333333334;6.6800000000000015
2015;12;12;27.063333333333333;6.346666666666668
2015;12;13;29.55;4.473333333333334
2015;12;14;27.403333333333336;6.42
2015;12;15;24.406666666666666;4.86
2015;12;16;21.593333333333334;5.710000000000001
2015;12;17;14.703333333333333;6.580000000000001
2015;12;18;10.52;7.636666666666668
2015;12;19;14.433333333333334;4.750000000000001
2015;12;20;28.48333333333333;5.3533333333333335
2015;12;21;33.236666666666665;2.7866666666666666
2015;12;22;36.27333333333333;3.0233333333333334
2015;12;23;36.14;5.799999999999999
2015;12;24;35.52333333333333;5.456666666666666
2015;12;25;28.096666666666664;8.16
2015;12;26;28.3;6.65
2015;12;27;27.309999999999995;6.806666666666667
2015;12;28;23.486666666666668;6.6033333333333335
2015;12;29;17.656666666666666;6.933333333333333
2015;12;30;11.963333333333335;7.220000000000001
2015;12;31;4.093333333333334;7.946666666666667
2016;1;1;0.17500000000000007;9.495833333333332
2016;1;2;-6.133333333333334;11.2875
2016;1;3;-0.5208333333333334;5.291666666666667
2016;1;4;0.050000000000000065;6.966666666666666
2016;1;5;4.0125;8.595833333333333
2016;1;6;7.729166666666667;6.6875
2016;1;7;11.5375;6.4375
2016;1;8;16.462500000000002;6.554166666666666
2016;1;9;22.63333333333333;5.991666666666666
2016;1;10;19.23333333333333;5.362500000000001
2016;1;11;4.2125;10.079166666666667
2016;1;12;-3.7375000000000003;52.416666666666664
2016;1;13;17.84166666666667;5.824999999999999
2016;1;14;27.254166666666666;6.558333333333333
2016;1;15;20.39166666666667;8.933333333333332
2016;1;16;9.329166666666666;8.454166666666666
2016;1;17;17.483333333333334;5.675
2016;1;18;26.8625;4.170833333333333
2016;1;19;22.92916666666667;6.891666666666667
2016;1;20;24.545833333333334;7.208333333333333
2016;1;21;13.170833333333333;7.512499999999999
2016;1;22;11.1875;8.045833333333334
2016;1;23;13.679166666666667;6.0
2016;1;24;-1.9791666666666667;7.833333333333335
2016;1;25;-10.641666666666666;7.570833333333333
2016;1;26;-7.6375;7.108333333333332
2016;1;27;2.1624999999999996;8.133333333333333
2016;1;28;7.545833333333332;8.2875
2016;1;29;17.195833333333333;4.908333333333333
2016;1;30;29.733333333333334;10.229166666666666
2016;1;31;33.125;9.058333333333332
2016;2;1;33.27916666666667;8.904166666666667
2016;2;2;28.541666666666668;8.799999999999999
2016;2;3;31.80416666666667;6.408333333333334
2016;2;4;33.770833333333336;9.070833333333333
2016;2;5;28.88333333333333;9.345833333333333
2016;2;6;24.09166666666667;7.341666666666666
2016;2;7;23.354166666666668;8.8625
2016;2;8;24.620833333333334;11.325000000000001
2016;2;9;24.40416666666667;52.54999999999999
2016;2;10;25.058333333333334;11.266666666666666
2016;2;11;24.254166666666666;9.65
2016;2;12;23.09166666666667;10.9625
2016;2;13;19.829166666666666;52.0
2016;2;14;22.3125;10.008333333333335
2016;2;15;26.17916666666667;6.9624999999999995
2016;2;16;32.5;6.808333333333334
2016;2;17;28.441666666666666;7.125
2016;2;18;27.38333333333333;7.8125
2016;2;19;27.170833333333334;10.25
2016;2;20;22.516666666666666;10.441666666666666
2016;2;21;20.695833333333336;7.408333333333334
2016;2;22;24.34166666666667;6.966666666666666
2016;2;23;34.6125;7.875
2016;2;24;34.7;5.604166666666667
2016;2;25;32.712500000000006;4.325
2016;2;26;31.258333333333336;10.6
2016;2;27;29.962499999999995;8.420833333333334
2016;2;28;29.54583333333333;9.833333333333334
2016;2;29;25.295833333333334;5.166666666666667
2016;3;1;26.50833333333333;9.358333333333333
2016;3;2;27.183333333333334;6.875
2016;3;3;33.38333333333333;5.5
2016;3;4;33.62916666666667;7.920833333333332
2016;3;5;33.170833333333334;7.308333333333334
2016;3;6;34.416666666666664;5.5125
2016;3;7;35.979166666666664;5.016666666666667
2016;3;8;35.88333333333333;5.370833333333334
2016;3;9;33.9125;51.137499999999996
2016;3;10;32.420833333333334;53.2125
2016;3;11;31.233333333333334;11.387499999999998
2016;3;12;32.30833333333333;10.541666666666666
2016;3;13;30.966666666666665;11.924999999999999
2016;3;14;26.191666666666666;10.775
2016;3;15;20.95416666666667;53.0875
2016;3;16;24.799999999999997;11.145833333333334
2016;3;17;32.262499999999996;11.766666666666667
2016;3;18;30.36666666666667;10.508333333333333
2016;3;19;19.658333333333335;9.891666666666666
2016;3;20;17.604166666666668;13.008333333333333
2016;3;21;19.2625;11.637500000000001
2016;3;22;24.325000000000003;8.554166666666667
2016;3;23;30.71666666666667;5.625
2016;3;24;27.22083333333333;10.970833333333333
2016;3;25;31.862499999999997;6.412500000000001
2016;3;26;38.454166666666666;8.508333333333333
2016;3;27;35.36666666666667;4.620833333333333
2016;3;28;35.75833333333333;10.941666666666668
2016;3;29;35.7;11.683333333333332
2016;3;30;37.075;9.466666666666667
2016;3;31;40.166666666666664;10.775
2016;4;1;39.3125;10.145833333333332
2016;4;2;35.42916666666667;7.395833333333333
2016;4;3;34.841666666666676;8.645833333333334
2016;4;4;35.56250000000001;9.641666666666666
2016;4;5;34.94583333333333;10.65
2016;4;6;35.14166666666667;12.191666666666668
2016;4;7;39.09166666666667;12.991666666666667
2016;4;8;45.30833333333333;54.849999999999994
2016;4;9;52.06666666666667;54.32916666666666
2016;4;10;55.12500000000001;54.55833333333334
2016;4;11;52.24583333333334;12.645833333333334
2016;4;12;46.465;12.06
2016;4;13;54.400000000000006;177.83333333333334
2016;4;14;53.160000000000004;8.59
2016;4;15;56.75;11.25
2016;4;16;59.839999999999996;11.96
2016;4;17;48.15;10.34
2016;4;18;46.791666666666664;11.508333333333335
2016;4;19;48.86;9.41
2016;4;20;47.96000000000001;10.360000000000001
2016;4;21;44.96;8.379999999999999
2016;4;22;42.89;11.030000000000001
2016;4;23;40.489999999999995;10.14
2016;4;24;46.4;12.180000000000001
2016;4;25;54.94;210.44
2016;4;26;59.8;212.23999999999995
2016;4;27;56.11999999999999;211.57
2016;4;28;52.65;212.78000000000003
2016;4;29;50.36;212.02999999999997
2016;4;30;51.14;12.0
2016;5;1;48.875;12.700000000000001
2016;5;2;51.2625;11.6125
2016;5;3;51.150000000000006;13.85
2016;5;4;50.675;9.6125
2016;5;5;54.025;10.325
2016;5;6;57.074999999999996;11.2
2016;5;7;57.6;11.575
2016;5;8;58.2;11.675
2016;5;9;61.175;259.625
2016;5;10;63.5;12.425
2016;5;11;62.0;261.425
2016;5;12;58.35;11.8
2016;5;13;48.324999999999996;259.95
2016;5;14;49.824999999999996;13.125
2016;5;15;49.2;260.59999999999997
2016;5;16;50.475;11.65
2016;5;17;54.35;260.3
2016;5;18;56.425;11.100000000000001
2016;5;19;58.75;11.675
2016;5;20;59.0;10.625
2016;5;21;59.525;10.55
2016;5;22;57.55;10.725
2016;5;23;61.175000000000004;10.774999999999999
2016;5;24;62.45;9.875
2016;5;25;69.3;11.575
2016;5;26;71.9;12.225000000000001
2016;5;27;72.825;260.65
2016;5;28;71.875;12.274999999999999
2016;5;29;70.525;11.525
2016;5;30;67.6;10.74
2016;5;31;54.125;260.47499999999997
2016;6;1;55.325;12.825
2016;6;2;57.075;261.8
2016;6;3;59.175;13.2
2016;6;4;61.425000000000004;261.425
2016;6;5;60.725;11.024999999999999
2016;6;6;59.625;10.575
2016;6;7;53.050000000000004;12.075000000000001
2016;6;8;47.08;8.6
2016;6;9;54.67999999999999;11.56
2016;6;10;60.44;11.14
2016;6;11;63.075;13.0
2016;6;12;62.074999999999996;259.325
2016;6;13;60.7;12.2
2016;6;14;62.475;260.09999999999997
2016;6;15;67.625;11.625
2016;6;16;72.625;12.774999999999999
2016;6;17;74.78;210.08
2016;6;18;74.78;11.64
2016;6;19;75.8;210.6
2016;6;20;74.2;12.625
2016;6;21;74.8;13.625
2016;6;22;74.72500000000001;13.05
2016;6;23;70.60625;14.58125
2016;6;24;69.7;13.2
2016;6;25;67.775;11.5
2016;6;26;69.275;11.725
2016;6;27;68.97500000000001;11.25
2016;6;28;59.825;13.025
2016;6;29;62.074999999999996;13.774999999999999
2016;6;30;65.2;13.45
2016;7;1;65.825;13.575
2016;7;2;69.57499999999999;262.09999999999997
2016;7;3;72.95;13.125
2016;7;4;73.525;260.4
2016;7;5;66.25;12.5
2016;7;6;63.6;13.475
2016;7;7;68.125;13.775
2016;7;8;66.825;11.425
2016;7;9;61.25;8.025
2016;7;10;64.475;12.274999999999999
2016;7;11;66.7;10.680000000000001
2016;7;12;66.17500000000001;12.35
2016;7;13;71.975;11.95
2016;7;14;75.2;12.774999999999999
2016;7;15;74.97999999999999;11.540000000000001
2016;7;16;77.03999999999999;62.25500000000001
2016;7;17;74.325;12.899999999999999
2016;7;18;71.9;261.625
2016;7;19;74.0;261.05
2016;7;20;72.58;9.2
2016;7;21;72.52;9.22
2016;7;22;66.715;5.590000000000001
2016;7;23;66.53;6.2
2016;7;24;68.275;7.4625
2016;7;25;70.16;8.8
2016;7;26;68.03;9.09
2016;7;27;69.42;7.12
2016;7;28;70.35;9.8
2016;7;29;72.125;11.649999999999999
2016;7;30;75.5;260.5
2016;7;31;77.7;11.8
2016;8;1;77.2;9.2
2016;8;2;76.07500000000002;12.325
2016;8;3;75.25;11.525
2016;8;4;75.6;11.149999999999999
2016;8;5;72.55000000000001;11.725000000000001
2016;8;6;74.5;12.225000000000001
2016;8;7;77.86666666666666;345.2
2016;8;8;76.27499999999999;11.225
2016;8;9;68.7;8.8
2016;8;10;69.45;12.25
2016;8;11;73.0;11.425
2016;8;12;76.025;10.05
2016;8;13;78.25;259.225
2016;8;14;77.2;258.95
2016;8;15;67.9;10.0
2016;8;16;66.55999999999999;10.540000000000001
2016;8;17;73.41;62.515
2016;8;18;75.0;259.875
2016;8;19;76.52000000000001;209.17999999999998
2016;8;20;78.825;12.375
2016;8;21;78.125;12.625
2016;8;22;76.30499999999999;11.67
2016;8;23;74.04;61.07500000000001
2016;8;24;74.96;10.940000000000001
2016;8;25;73.415;61.87000000000002
2016;8;26;64.25;10.445
2016;8;27;62.64999999999999;10.425
2016;8;28;68.5625;12.875
2016;8;29;58.04;10.88
2016;8;30;61.925;12.225000000000001
2016;8;31;65.67999999999999;9.64
2016;9;1;52.075;11.3
2016;9;2;54.080000000000005;10.440000000000001
2016;9;3;56.7;10.92
2016;9;4;60.349999999999994;10.825000000000001
2016;9;5;62.8;10.5
2016;9;6;59.125;11.35
2016;9;7;53.95;260.22499999999997
2016;9;8;54.7;10.149999999999999
2016;9;9;53.25;10.825
2016;9;10;52.349999999999994;10.225000000000001
2016;9;11;50.7;10.85
2016;9;12;52.43333333333334;12.033333333333333
2016;9;13;55.150000000000006;9.75
2016;9;14;50.225;10.475000000000001
2016;9;15;47.65;9.774999999999999
2016;9;16;48.43333333333334;10.266666666666666
2016;9;17;48.525000000000006;10.1
2016;9;18;48.425000000000004;9.175
2016;9;19;45.824999999999996;7.25
2016;9;20;45.2;9.1
2016;9;21;47.60000000000001;5.425000000000001
2016;9;22;52.6;6.75
2016;9;23;50.574999999999996;9.85
2016;9;24;51.10000000000001;5.8
2016;9;25;54.260000000000005;206.42
2016;9;26;50.720000000000006;7.5
2016;9;27;47.7;4.380000000000001
2016;9;28;45.9;7.980000000000001
2016;9;29;46.800000000000004;5.175
2016;9;30;48.33;7.99
2016;10;1;53.08;5.99
2016;10;2;55.330000000000005;207.09
2016;10;3;57.42999999999999;7.660000000000001
2016;10;4;56.779999999999994;9.440000000000001
2016;10;5;55.11;10.88
2016;10;6;49.81;8.319999999999999
2016;10;7;50.910000000000004;8.74
2016;10;8;51.29;5.62
2016;10;9;43.989999999999995;207.07
2016;10;10;38.95;9.3
2016;10;11;36.260000000000005;9.940000000000001
2016;10;12;36.220000000000006;11.33
2016;10;13;34.77;10.39
2016;10;14;35.86;9.59
2016;10;15;37.339999999999996;8.129999999999999
2016;10;16;35.11;8.49
2016;10;17;33.98;10.610000000000001
2016;10;18;36.35;9.92
2016;10;19;36.97;9.47
2016;10;20;36.69;9.26
2016;10;21;35.94;8.629999999999999
2016;10;22;35.519999999999996;8.51
2016;10;23;31.116666666666667;77.14333333333333
2016;10;24;29.139999999999997;10.705
2016;10;25;30.410000000000004;10.83
2016;10;26;29.919999999999998;11.19
2016;10;27;31.110000000000003;10.465
2016;10;28;30.15;9.469999999999999
2016;10;29;29.370000000000005;8.805000000000001
2016;10;30;30.683333333333337;4.641666666666667
2016;10;31;30.485000000000003;5.95
2016;11;1;25.825000000000003;8.970833333333333
2016;11;2;23.745833333333337;7.629166666666667
2016;11;3;25.004166666666666;8.15
2016;11;4;31.1875;6.279166666666666
2016;11;5;28.891666666666666;7.879166666666666
2016;11;6;25.700000000000003;8.275
2016;11;7;30.758333333333336;4.570833333333333
2016;11;8;40.2875;7.1125
2016;11;9;32.64166666666666;8.475
2016;11;10;31.9875;6.6375
2016;11;11;38.05833333333333;5.608333333333333
2016;11;12;29.737499999999997;7.783333333333334
2016;11;13;25.23333333333333;8.654166666666667
2016;11;14;23.77083333333334;9.737499999999999
2016;11;15;15.654166666666667;10.5375
2016;11;16;15.633333333333333;8.6
2016;11;17;18.85833333333333;10.383333333333333
2016;11;18;18.533333333333335;10.683333333333332
2016;11;19;18.891666666666666;11.079166666666666
2016;11;20;15.725;11.441666666666668
2016;11;21;13.350000000000001;52.84583333333333
2016;11;22;16.158333333333335;52.84583333333333
2016;11;23;20.133333333333336;52.895833333333336
2016;11;24;22.275000000000002;52.9625
2016;11;25;25.941666666666666;6.716666666666666
2016;11;26;26.995833333333337;6.375
2016;11;27;29.629166666666666;6.454166666666666
2016;11;28;33.612500000000004;5.670833333333333
2016;11;29;28.1875;7.720833333333332
2016;11;30;11.241666666666667;9.041666666666666
2016;12;1;8.791666666666668;9.770833333333334
2016;12;2;16.17083333333333;9.695833333333335
2016;12;3;15.729166666666666;8.554166666666667
2016;12;4;14.333333333333334;9.033333333333333
2016;12;5;15.774999999999999;8.608333333333334
2016;12;6;19.591666666666665;5.033333333333334
2016;12;7;1.7458333333333333;9.5
2016;12;8;5.891666666666667;7.2124999999999995
2016;12;9;18.958333333333332;7.729166666666665
2016;12;10;23.058333333333334;7.6916666666666655
2016;12;11;10.874999999999998;10.454166666666667
2016;12;12;4.5125;8.591666666666667
2016;12;13;-2.3041666666666667;9.933333333333334
2016;12;14;-3.545833333333333;8.804166666666667
2016;12;15;-0.8625000000000003;7.337500000000001
2016;12;16;-8.791666666666666;9.316666666666668
2016;12;17;-2.579166666666667;7.224999999999999
2016;12;18;20.03333333333333;6.991666666666666
2016;12;19;24.5125;5.325
2016;12;20;-7.304166666666667;51.354166666666664
2016;12;21;10.4125;8.0875
2016;12;22;15.733333333333334;10.549999999999999
2016;12;23;21.3125;8.8375
2016;12;24;23.2625;8.4125
2016;12;25;23.012500000000003;6.5249999999999995
2016;12;26;22.71666666666667;7.945833333333333
2016;12;27;25.891666666666666;7.633333333333334
2016;12;28;28.38333333333333;7.166666666666665
2016;12;29;25.274999999999995;6.983333333333333
2016;12;30;23.066666666666666;8.604166666666666
2016;12;31;25.675;8.370833333333332
2017;1;1;28.8773544973545;7.504344051010719
2017;1;2;30.176836250169586;5.995263871930538
2017;1;3;27.8437728937729;7.29920227920228
2017;1;4;11.577614977614978;8.566221679555014
2017;1;5;19.216441459774796;4.992427079093745
2017;1;6;18.199500746167413;6.261117894451227
2017;1;7;7.50908017908018;5.327254103920771
2017;1;8;-0.004437661104327578;7.885059015059014
2017;1;9;-0.27645773979107396;7.23949124949125
2017;1;10;11.289579432912765;7.951674128340794
2017;1;11;18.611986161986163;8.25691629358296
2017;1;12;13.833781033781035;7.732298195631529
2017;1;13;21.17061321394655;7.898549721883056
2017;1;14;20.2302035002035;8.27664767331434
2017;1;15;15.746606973273638;8.684320987654322
2017;1;16;8.132154388821055;9.176980056980058
2017;1;17;7.231088047754715;37.12376882376883
2017;1;18;11.258428978428977;8.166752136752136
2017;1;19;16.84652964319631;8.726767060100393
2017;1;20;22.59718491385158;7.742024148690815
2017;1;21;17.264420024420023;8.955021028354361
2017;1;22;16.33081942748609;8.457288020621355
2017;1;23;19.087758784425446;9.259354226020895
2017;1;24;25.58618504951838;6.019173789173791
2017;1;25;10.748498168498168;7.262972459639126
2017;1;26;-3.2340754307420974;9.22378374711708
2017;1;27;-1.6952475919142584;58.40053452720119
2017;1;28;-2.3164346764346764;45.945059015059016
2017;1;29;-7.809796499796501;25.134304707638048
2017;1;30;-5.184586894586895;17.889905033238367
2017;1;31;-0.5251051417718084;46.165687152353826
2017;2;1;12.26765296431963;6.1161945461945475
2017;2;2;16.002303622303618;7.086160629493964
2017;2;3;6.085885225885226;10.007548500881834
2017;2;4;1.0205236738570067;21.855866232532904
2017;2;5;6.188141364808033;5.8182566815900145
2017;2;6;-0.415095645095645;9.591066341066343
2017;2;7;-5.795894722561389;10.147142857142859
2017;2;8;0.25021164021164016;10.631439424772758
2017;2;9;10.899165649165647;8.330872337539004
2017;2;10;22.12678198344865;7.612321258987925
2017;2;11;16.341416361416364;8.534789038122371
2017;2;12;18.194486501153172;8.79171211504545
2017;2;13;19.057411477411478;8.69273368606702
2017;2;14;16.567948717948717;3.980934744268078
2017;2;15;16.356532356532355;6.204585537918872
2017;2;16;15.29237959571293;9.77342965676299
2017;2;17;10.427841541174875;10.209805996472664
2017;2;18;21.623265499932167;6.219470899470901
2017;2;19;30.196798263464927;9.455181115181116
2017;2;20;33.122961606294936;9.235266585266585
2017;2;21;33.25979921313255;8.261637498304166
2017;2;22;33.31089675756343;6.582085198751866
2017;2;23;32.00527608194275;7.6218070818070816
2017;2;24;32.91121557454891;8.345847239180573
2017;2;25;33.24677520010854;7.0415479582146245
2017;2;26;24.415193325193325;10.464877221543889
2017;2;27;26.54917243250577;6.873671143671144
2017;2;28;27.254371184371184;9.778753222086557
2017;3;1;26.92682811016144;10.377171347171346
2017;3;2;32.46412020078687;9.780366300366302
2017;3;3;33.16871930538598;8.106980056980056
2017;3;4;33.52002849002849;8.624144620811288
2017;3;5;34.11936914936915;30.00694614027948
2017;3;6;35.83512684846017;17.365303215303214
2017;3;7;31.847065527065524;9.195582688916025
2017;3;8;29.11064306064306;7.156330212996879
2017;3;9;27.370979514312847;18.597107583774253
2017;3;10;26.466672093338758;32.71933387600055
2017;3;11;28.134615384615387;26.57438475105142
2017;3;12;26.336361416361413;100.87562338895673
2017;3;13;27.11978021978022;109.58007326007326
2017;3;14;28.367286663953333;59.911665988332665
2017;3;15;28.666818613485287;67.77870166870167
2017;3;16;31.479340659340664;75.5401329534663
2017;3;17;29.7674942341609;21.78958757292091
2017;3;18;29.109529236195897;8.542078415411748
2017;3;19;28.981277981277987;8.111851851851853
2017;3;20;30.32137566137566;8.542744539411204
2017;3;21;30.814079500746168;51.43775607108941
2017;3;22;31.813321123321128;72.96057251390586
2017;3;23;32.023265499932165;8.940740740740742
2017;3;24;36.45196988196987;9.902642789309455
2017;3;25;32.72528150861485;7.046617826617826
2017;3;26;32.107948717948716;10.76986161986162
2017;3;27;32.601280694614026;8.05878442545109
2017;3;28;32.615232668566;8.693348256681588
2017;3;29;27.302755392755394;10.35041107041107
2017;3;30;24.119730023063354;11.445328991995659
2017;3;31;24.17132003798671;20.756617826617827
2017;4;1;26.47843304843305;9.514253154253156
2017;4;2;29.13059422059422;7.5421665988332665
2017;4;3;34.699592999593;8.681736535069868
2017;4;4;30.184118844118846;89.090870980871
2017;4;5;34.553882783882784;36.39811965811966
2017;4;6;41.355650522317184;48.42043142043143
2017;4;7;45.51646587979922;60.44241758241758
2017;4;8;46.97895807895807;44.74121014787682
2017;4;9;41.97884140550807;10.868943155609823
2017;4;10;40.53448717948717;100.300056980057
2017;4;11;47.64374169040836;152.1880721747388
2017;4;12;47.90222222222223;64.99339506172839
2017;4;13;43.46975308641976;20.94259259259259
2017;4;14;48.300123456790125;9.02672839506173
2017;4;15;36.26851851851852;9.559382716049384
2017;4;16;38.74305555555556;20.56188271604938
2017;4;17;43.48783000949668;9.324354226020894
2017;4;18;35.10495251661918;10.357141500474834
2017;4;19;32.55823361823362;7.42738841405508
2017;4;20;29.904102564102566;5.759905033238366
2017;4;21;33.64626780626781;20.604017094017095
2017;4;22;35.998224121557456;9.400864197530863
2017;4;23;43.006334283000946;11.209748338081672
2017;4;24;40.1622792022792;8.80329534662868
2017;4;25;40.81641025641026;11.02698480531814
2017;4;26;47.78706552706553;75.25322886989554
2017;4;27;55.242886989553654;130.3626875593542
2017;4;28;56.372554605887935;185.91548907882242
2017;4;29;58.79135802469136;289.70037037037036
2017;4;30;62.29382716049382;234.4030864197531
2017;5;1;65.43518518518518;179.4256172839506
2017;5;2;66.83139329805996;9.867107583774251
2017;5;3;61.06428571428572;9.838800705467374
2017;5;4;49.34691358024691;65.38225308641977
2017;5;5;45.329475308641975;79.37422839506172
2017;5;6;51.54197530864198;28.440123456790122
2017;5;7;46.08333333333333;29.18333333333333
2017;5;8;50.67839506172839;27.059259259259264
2017;5;9;54.35740740740741;7.904320987654322
2017;5;10;43.25987654320988;9.185185185185183
2017;5;11;41.25472222222222;9.387638888888889
2017;5;12;43.33814814814815;8.958888888888888
2017;5;13;43.902430555555554;9.684375
2017;5;14;46.37152777777777;71.88680555555555
2017;5;15;47.15;72.04652777777777
2017;5;16;52.56111111111112;237.0284722222222
2017;5;17;55.19791666666667;174.57638888888889
2017;5;18;54.343209876543206;8.593827160493827
2017;5;19;59.38958333333332;10.934027777777779
2017;5;20;61.76111111111111;11.084920634920634
2017;5;21;53.39047619047619;9.034126984126983
2017;5;22;47.57222222222222;113.92916666666667
2017;5;23;49.574603174603176;82.14206349206349
2017;5;24;59.06666666666666;11.368518518518519
2017;5;25;62.63650793650794;10.844444444444447
2017;5;26;63.207142857142856;10.722222222222223
2017;5;27;57.47708333333333;9.711111111111112
2017;5;28;43.75833333333334;9.745833333333334
2017;5;29;45.574603174603176;9.335714285714287
2017;5;30;55.48174603174603;9.902380952380954
2017;5;31;56.02460317460317;82.14047619047619
2017;6;1;60.19166666666666;8.902083333333335
2017;6;2;52.26812169312169;10.804761904761905
2017;6;3;45.47732426303855;10.632879818594105
2017;6;4;46.678472222222226;11.216666666666669
2017;6;5;51.66383219954648;10.700226757369617
2017;6;6;55.541156462585036;9.112358276643992
2017;6;7;56.19980158730158;10.868055555555557
2017;6;8;55.526757369614515;10.829591836734693
2017;6;9;57.98085317460318;10.598015873015875
2017;6;10;62.4249433106576;81.86156462585033
2017;6;11;62.04087301587301;81.53313492063491
2017;6;12;63.18684807256236;10.728344671201814
2017;6;13;64.09920634920634;9.710544217687074
2017;6;14;60.50918367346939;10.576530612244898
2017;6;15;60.39246031746031;10.660317460317462
2017;6;16;57.794444444444444;9.845238095238097
2017;6;17;58.2452380952381;9.312301587301587
2017;6;18;60.13988095238096;9.800992063492062
2017;6;19;63.8577380952381;10.581349206349207
2017;6;20;61.896230158730155;10.792658730158731
2017;6;21;62.20238095238095;10.52936507936508
2017;6;22;57.156565656565654;11.97348484848485
2017;6;23;55.63703703703703;11.410185185185185
2017;6;24;56.4563492063492;10.126190476190477
2017;6;25;59.49246031746031;58.08293650793651
2017;6;26;66.26944444444443;11.213492063492064
2017;6;27;67.49880952380953;10.374206349206348
2017;6;28;65.42738095238096;82.40198412698412
2017;6;29;65.16825396825398;82.42896825396825
2017;6;30;66.51666666666667;81.82142857142857
2017;7;1;66.54563492063492;9.09404761904762
2017;7;2;66.4031746031746;10.048809523809524
2017;7;3;65.25357142857143;10.168253968253968
2017;7;4;66.09920634920636;10.696825396825398
2017;7;5;61.019841269841265;7.011904761904764
2017;7;6;58.658730158730165;6.942063492063491
2017;7;7;57.65454545454545;10.075252525252527
2017;7;8;55.526984126984125;10.231962481962483
2017;7;9;57.1512987012987;10.22756132756133
2017;7;10;58.36219336219336;10.297186147186148
2017;7;11;60.82128427128428;10.19076479076479
2017;7;12;65.87070707070707;11.379004329004331
2017;7;13;67.26976911976912;153.60122655122657
2017;7;14;68.07849927849927;153.2263347763348
2017;7;15;73.23137626262627;135.64627525252527
2017;7;16;74.85887445887445;10.895021645021645
2017;7;17;74.60064935064933;152.9939393939394
2017;7;18;65.7534632034632;9.4504329004329
2017;7;19;67.74401154401154;11.00757575757576
2017;7;20;68.55353535353535;11.269047619047617
2017;7;21;66.56962481962482;10.793217893217895
2017;7;22;65.12799422799422;10.415800865800867
2017;7;23;61.87467532467532;8.557575757575759
2017;7;24;62.34098124098124;10.470490620490622
2017;7;25;64.67056277056277;10.820418470418472
2017;7;26;67.91673881673883;11.131529581529582
2017;7;27;72.72965367965368;152.76486291486293
2017;7;28;76.9981240981241;11.121284271284273
2017;7;29;79.7050505050505;153.0217171717172
2017;7;30;75.33477633477635;10.704978354978355
2017;7;31;69.21139971139971;9.414430014430016
2017;8;1;70.1484126984127;9.842279942279943
2017;8;2;70.77344877344878;11.259090909090911
2017;8;3;70.12640692640693;10.613492063492064
2017;8;4;70.68210678210679;10.891125541125541
2017;8;5;70.69357864357865;10.86738816738817
2017;8;6;68.53477633477632;11.52936507936508
2017;8;7;69.82510822510822;153.3163780663781
2017;8;8;67.23703703703706;17.764197530864195
2017;8;9;65.26635802469134;18.68302469135803
2017;8;10;64.25648148148149;18.534259259259258
2017;8;11;66.60216049382716;9.055246913580248
2017;8;12;68.20956790123458;9.130246913580246
2017;8;13;65.92129629629629;18.644753086419755
2017;8;14;65.26111111111112;110.66512345679013
2017;8;15;66.27685185185186;17.99351851851852
2017;8;16;66.33487654320987;18.144444444444446
2017;8;17;65.94382716049381;73.77469135802468
2017;8;18;65.73364197530863;184.19074074074072
2017;8;19;66.6641975308642;202.76419753086418
2017;8;20;68.77345679012346;185.68425925925925
2017;8;21;72.30277777777779;221.21543209876543
2017;8;22;73.46350291683626;41.818620268620265
2017;8;23;74.97308641975309;63.486790123456785
2017;8;24;71.2993827160494;144.00648148148147
2017;8;25;63.188715235381906;19.67813729480396
2017;8;26;62.06018518518518;18.12962962962963
2017;8;27;61.08806267806267;38.076193189526535
2017;8;28;59.99382716049383;8.719753086419754
2017;8;29;60.084567901234564;6.669753086419753
2017;8;30;59.92777777777777;7.393827160493826
2017;8;31;61.32098765432099;8.473456790123457
2017;9;1;63.87561728395062;239.08981481481476
2017;9;2;65.47623456790123;119.333024691358
2017;9;3;60.73456790123456;7.525925925925926
2017;9;4;54.35524691358025;8.848456790123455
2017;9;5;52.34691358024691;9.350617283950616
2017;9;6;53.925000000000004;17.34135802469136
2017;9;7;60.15432098765432;7.048148148148147
2017;9;8;57.279629629629625;7.203086419753087
2017;9;9;55.4212962962963;9.297839506172842
2017;9;10;53.26481481481481;18.813580246913578
2017;9;11;52.99629629629629;17.78055555555556
2017;9;12;64.0895061728395;74.0219135802469
2017;9;13;66.22617283950618;75.64012345679012
2017;9;14;63.8702849002849;10.725099715099716
2017;9;15;63.765555555555565;102.47049382716051
2017;9;16;59.81716049382716;131.22296296296295
2017;9;17;57.32728395061729;20.63604938271605
2017;9;18;61.50518518518519;185.88407407407405
2017;9;19;66.09432098765433;186.1579012345679
2017;9;20;56.23456790123457;130.99185185185186
2017;9;21;52.38975308641975;20.449259259259254
2017;9;22;47.540617283950624;9.724938271604938
2017;9;23;46.450123456790124;130.24135802469138
2017;9;24;46.072345679012344;20.266172839506172
2017;9;25;44.5379012345679;9.012098765432098
2017;9;26;45.05938271604938;9.202345679012346
2017;9;27;42.61604938271605;9.758641975308642
2017;9;28;40.78617283950617;9.708024691358025
2017;9;29;42.53160493827161;8.148024691358025
2017;9;30;43.02376543209877;7.666604938271606
2017;10;1;40.697407407407404;8.44641975308642
2017;10;2;38.342592592592595;9.979259259259258
2017;10;3;39.653703703703705;9.685802469135801
2017;10;4;37.66975308641975;21.815432098765427
2017;10;5;44.06234567901234;64.26481481481481
2017;10;6;48.7895061728395;6.904938271604938
2017;10;7;50.115308641975304;8.93543209876543
2017;10;8;48.37685185185185;8.722222222222221
2017;10;9;49.432098765432094;73.06604938271605
2017;10;10;46.89691358024691;175.0787037037037
2017;10;11;44.298148148148144;118.86987654320986
2017;10;12;43.88148148148148;119.01790123456789
2017;10;13;46.89283950617284;8.828518518518518
2017;10;14;48.162839506172844;7.158518518518518
2017;10;15;43.8904938271605;7.031728395061729
2017;10;16;43.2820987654321;7.1369135802469135
2017;10;17;43.56037037037037;8.08543209876543
2017;10;18;44.65432098765432;8.727901234567902
2017;10;19;45.72333333333333;9.48395061728395
2017;10;20;37.681866281866284;19.568742985409656
2017;10;21;33.26024130190797;9.332884399551066
2017;10;22;30.699365881032552;8.42817620650954
2017;10;23;29.751234567901236;8.625462962962963
2017;10;24;28.656410934744265;9.536695156695155
2017;10;25;28.925244200244194;9.350437525437526
2017;10;26;28.279762583095916;8.838854972188306
2017;10;27;27.86727988061321;6.89548772215439
2017;10;28;31.586587979921312;6.638711165377832
2017;10;29;40.04379595712929;6.049803283136617
2017;10;30;41.95256817256817;7.0882973816307135
2017;10;31;39.57213539546873;8.300234025234026
2017;11;1;34.571219644552976;7.514901641568309
2017;11;2;30.706962420295756;9.317207977207977
2017;11;3;30.198743725410395;9.434843304843303
2017;11;4;32.2705467372134;7.790845204178538
2017;11;5;31.63489350156017;8.459430199430198
2017;11;6;33.21746574413241;7.281750101750101
2017;11;7;32.12665581332248;6.851461131461132
2017;11;8;33.512321258987924;9.242797449464117
2017;11;9;29.955692579025918;8.71667209333876
2017;11;10;27.39092660425994;7.797259530592864
2017;11;11;31.50700854700855;7.901387871387872
2017;11;12;35.095677655677655;7.451990231990233
2017;11;13;37.813574820241485;6.230200786867453
2017;11;14;36.94156559489893;7.7289784289784285
2017;11;15;34.84264278930945;8.80164835164835
2017;11;16;32.620480260480264;8.168715235381901
2017;11;17;33.56396554063221;9.628757292090626
2017;11;18;32.8542151675485;9.46289648622982
2017;11;19;33.286901370234695;8.0842558675892
2017;11;20;36.791364808031474;6.275012888346222
2017;11;21;34.87009361009361;21.122680776014114
2017;11;22;33.65610771944105;7.256251526251526
2017;11;23;33.076354633021296;5.644947768281102
2017;11;24;28.97783611450278;6.8799158865825545
2017;11;25;27.226666666666667;7.4963600596933935
2017;11;26;24.751131461131465;9.014592321258988
2017;11;27;21.712504409171075;8.45531813865147
2017;11;28;21.27499796499797;6.719807353140687
2017;11;29;23.176714150047484;6.998943155609823
2017;11;30;25.50272283272283;8.329096459096458
2017;12;1;24.79580382580383;9.175303215303217
2017;12;2;25.574011667345;7.131423144756478
2017;12;3;28.173724053724055;5.903998100664768
2017;12;4;31.213397096730432;6.059439696106363
2017;12;5;29.793277709944377;6.9122764889431565
2017;12;6;26.245101071767735;6.396636819970153
2017;12;7;24.513367250033916;5.781579161579162
2017;12;8;21.69318138651472;8.079560439560439
2017;12;9;20.02597069597069;9.074038800705468
2017;12;10;22.76646316646317;7.779658119658119
2017;12;11;25.94697191697192;7.4041012074345405
2017;12;12;29.118499525166197;5.710397503730837
2017;12;13;30.60864604531271;5.32286799620133
2017;12;14;31.04684710351377;6.263650793650793
2017;12;15;22.21560982227649;35.98941527608194
2017;12;16;20.56083299416633;35.7116157916158
2017;12;17;21.850991724325056;37.24729344729345
2017;12;18;19.468194274860945;57.68787952787952
2017;12;19;16.903112196445527;70.48747252747253
2017;12;20;16.360634920634922;21.695430742097408
2017;12;21;22.92772622439289;6.702062135395469
2017;12;22;21.883987247320583;5.711648351648351
2017;12;23;21.207936507936513;7.327095373762039
2017;12;24;23.088971645638317;5.164462081128748
2017;12;25;24.06045177045177;5.509598426265093
2017;12;26;20.133156966490297;7.331583231583232
2017;12;27;33.07549314882648;7.79400624067291
2017;12;28;34.4348609415276;4.263043006376339
2017;12;29;33.28292226292226;2.4213783747117077
2017;12;30;31.62645773979107;6.30654185320852
2017;12;31;25.52370641703975;9.558578211911545
2018;1;1;23.499768009768008;7.985938135938137
2018;1;2;27.565738705738703;7.604699498032831
2018;1;3;30.693474426807754;6.004970831637499
2018;1;4;25.490454483787815;25.305285578618914
2018;1;5;13.906973273639942;59.43172703839371
2018;1;6;14.299864333197668;8.949621489621489
2018;1;7;26.430326956993625;5.507749287749288
2018;1;8;25.32387735721069;8.215031881698549
2018;1;9;22.28711436711437;8.331495048161715
2018;1;10;21.298667752001087;7.636651743318408
2018;1;11;21.672313118979783;9.04523945190612
2018;1;12;11.155136345136349;58.314453941120604
2018;1;13;2.204666938000271;18.238540225206894
2018;1;14;13.821933251933253;7.596463166463167
2018;1;15;18.939846696513364;6.959865689865689
2018;1;16;17.789504816171487;7.635778049111382
2018;1;17;13.784447157780491;5.742132682132682
2018;1;18;7.093374033374034;9.098749152082485
2018;1;19;1.8266191832858505;46.76289784289784
2018;1;20;8.133679283679285;18.983401166734506
2018;1;21;15.408924162257497;5.175121421788088
2018;1;22;19.063390313390315;7.025375118708453
2018;1;23;15.820415140415141;5.796608329941664
2018;1;24;13.412956179622846;5.530096323429657
2018;1;25;11.036087369420706;8.079572649572649
2018;1;26;7.830473477140144;25.558765432098763
2018;1;27;4.432695699362366;10.440876407543074
2018;1;28;7.144770044770046;8.283657576990912
2018;1;29;9.072134038800705;24.848177994844665
2018;1;30;13.9349124949125;23.719834486501156
2018;1;31;10.788951295617963;18.48066748066748
2018;2;1;7.754723918057252;7.96297788631122
2018;2;2;8.20717270383937;8.942052638719305
2018;2;3;19.94282458282458;7.679818206484872
2018;2;4;27.969065255731923;5.9233753900420565
2018;2;5;24.895421245421247;4.380763804097137
2018;2;6;15.259004205670871;8.276084656084656
2018;2;7;17.21041107041107;8.668171211504545
2018;2;8;17.084394247727584;21.22046126712793
2018;2;9;12.68650386650387;21.813637226970563
2018;2;10;11.455083435083436;30.63548229548229
2018;2;11;11.159674399674403;18.296505223171895
2018;2;12;9.96876678876679;8.602243928910596
2018;2;13;9.030377153710486;8.114301994301995
2018;2;14;5.104580111246778;20.85199294532628
2018;2;15;5.201603581603582;8.542694342694343
2018;2;16;10.898928232261564;21.70336725003392
2018;2;17;15.24172568172568;21.951382444715783
2018;2;18;16.559785646452312;20.16559218559219
2018;2;19;17.902999592999592;6.895733279066613
2018;2;20;18.370961877628545;7.092026862026863
2018;2;21;12.113994030660695;8.410002713336047
2018;2;22;2.7971211504544837;18.557845611178948
2018;2;23;-0.45654863654863653;62.50657983991318
2018;2;24;-0.2121123321123322;9.656632749966086
2018;2;25;1.664156830823498;9.32860805860806
2018;2;26;0.794715778049111;45.69726360059693
2018;2;27;-0.4181807081807083;63.238323158323155
2018;2;28;-1.5705508072174739;96.29813458146792
2018;3;1;-0.06368064034730726;71.79059829059828
2018;3;2;1.8181874915208245;84.00733279066611
2018;3;3;4.866616469949803;75.05237281237281
2018;3;4;13.615174331840997;5.723827160493826
2018;3;5;17.837342287342285;6.519679826346493
2018;3;6;9.750953737620403;22.56854429521096
2018;3;7;8.880450413783747;71.94102699769365
2018;3;8;12.863618233618233;45.99607922941257
2018;3;9;11.033378103378105;88.15490842490841
2018;3;10;9.305830959164291;84.7802726902727
2018;3;11;6.424812101478768;96.74129019129019
2018;3;12;5.974015737349069;96.56773029439698
2018;3;13;11.642874779541447;63.23138244471578
2018;3;14;16.40477818477818;39.28978157644825
2018;3;15;20.476817256817256;7.695584045584045
2018;3;16;23.462550535883867;6.5026794193460855
2018;3;17;12.216465879799213;46.28208655541989
2018;3;18;9.425584045584046;8.171543888210556
2018;3;19;9.458806132139465;23.343475783475782
2018;3;20;13.662690272690273;84.96519332519334
2018;3;21;18.56214896214896;57.51298466965133
2018;3;22;23.50811558811559;6.844124270790937
2018;3;23;23.385152625152628;10.78072446072446
2018;3;24;25.39517975851309;10.05564238230905
2018;3;25;22.98618504951838;9.810134310134309
2018;3;26;30.303894993894996;26.927000407000406
2018;3;27;29.459940306606978;8.863467643467642
2018;3;28;25.875638312304975;8.85886989553656
2018;3;29;19.24163614163614;20.456590693257365
2018;3;30;19.461978021978023;24.28366978700312
2018;3;31;24.069808709808708;8.704315560982227
2018;4;1;32.10209469542803;7.664445801112468
2018;4;2;36.146512006512;19.59403201736535
2018;4;3;37.537468457468464;35.52530999864333
2018;4;4;35.668296024962686;8.834836521503187
2018;4;5;36.38778049111382;47.36635870302538
2018;4;6;36.960634920634924;109.55690272690273
2018;4;7;37.3461864061864;18.530238773572105
2018;4;8;37.9834418667752;32.28062542395876
2018;4;9;41.56420160086827;110.14369556369556
2018;4;10;46.98250033916701;97.57947496947499
2018;4;11;37.523972323972316;18.685756342423005
2018;4;12;34.49783475783476;112.48101614434948
2018;4;13;37.231310541310535;50.963456790123466
2018;4;14;38.64651471984806;69.57905982905984
2018;4;15;43.17752136752137;100.30362773029441
2018;4;16;46.29518518518518;104.73135802469136
2018;4;17;49.098950617283954;104.18160493827162
2018;4;18;48.060925925925915;64.70641975308642
2018;4;19;45.72364197530864;6.314074074074075
2018;4;20;42.58592592592593;8.91314814814815
2018;4;21;41.311728395061735;20.05783950617284
2018;4;22;39.479876543209876;8.564259259259261
2018;4;23;32.78376543209876;9.020370370370369
2018;4;24;36.16456790123457;20.676111111111112
2018;4;25;42.76506172839507;32.11259259259259
2018;4;26;46.857777777777784;6.620000000000001
2018;4;27;51.16666666666666;10.283209876543209
2018;4;28;46.897345679012346;9.23716049382716
2018;4;29;48.85283950617285;20.088765432098768
2018;4;30;52.165023741690405;19.400132953466283
2018;5;1;55.40956790123456;10.189814814814817
2018;5;2;61.57283950617284;25.61410934744268
2018;5;3;66.20370370370371;65.37592592592594
2018;5;4;56.15987654320988;41.61481481481482
2018;5;5;51.81543209876544;120.41666666666667
2018;5;6;58.48530864197531;44.33586419753087
2018;5;7;56.57361111111112;45.00833333333333
2018;5;8;60.9625;93.1625
2018;5;9;55.77777777777778;52.13472222222222
2018;5;10;48.44375000000001;10.223611111111111
2018;5;11;51.83518518518518;83.43024691358025
2018;5;12;58.867283950617285;138.65246913580245
2018;5;13;60.54506172839506;224.7425925925926
2018;5;14;64.1604938271605;176.1067901234568
2018;5;15;66.47654320987654;10.813580246913581
2018;5;16;66.0513888888889;10.575
2018;5;17;67.87222222222222;10.107407407407408
2018;5;18;69.42283950617283;9.465432098765433
2018;5;19;66.15185185185186;9.71604938271605
2018;5;20;59.619753086419756;9.637037037037038
2018;5;21;55.491975308641976;10.093827160493825
2018;5;22;62.4216049382716;212.91049382716048
2018;5;23;66.1141975308642;65.45617283950617
2018;5;24;66.96419753086421;9.322222222222223
2018;5;25;55.9179012345679;46.86481481481482
2018;5;26;50.21296296296296;96.41172839506173
2018;5;27;58.66358024691359;46.70185185185184
2018;5;28;53.29567901234569;47.30925925925926
2018;5;29;54.714814814814815;83.6141975308642
2018;5;30;60.67962962962963;9.866049382716051
2018;5;31;46.49876543209877;9.853086419753087
2018;6;1;40.20802469135802;47.10740740740741
2018;6;2;51.39753086419753;82.84876543209876
2018;6;3;60.65061728395061;83.97098765432098
2018;6;4;65.38487654320988;83.5925925925926
2018;6;5;64.32592592592593;9.787654320987654
2018;6;6;53.26543209876543;10.472222222222221
2018;6;7;50.49938271604938;47.529012345679014
2018;6;8;54.67277777777778;23.78277777777778
2018;6;9;51.10555555555556;10.579629629629629
2018;6;10;50.008024691358024;47.34444444444444
2018;6;11;51.675000000000004;10.789197530864199
2018;6;12;58.686419753086426;47.304320987654314
2018;6;13;60.502407407407404;10.601172839506173
2018;6;14;56.562345679012346;10.000617283950618
2018;6;15;55.112962962962975;10.585802469135801
2018;6;16;57.25907407407408;105.22641975308642
2018;6;17;63.82407407407407;158.06481481481484
2018;6;18;68.15987654320989;121.27345679012348
2018;6;19;71.44135802469137;46.95617283950617
2018;6;20;66.4320987654321;9.853086419753087
2018;6;21;64.49197530864197;47.623456790123456
2018;6;22;67.44259259259259;139.47654320987655
2018;6;23;73.52777777777777;212.69074074074075
2018;6;24;77.5179012345679;102.26111111111112
2018;6;25;78.29691358024691;65.47592592592592
2018;6;26;75.68641975308644;10.349999999999998
2018;6;27;74.65308641975307;59.35679012345679
2018;6;28;72.2074074074074;102.78333333333336
2018;6;29;72.05432098765431;102.65308641975308
2018;6;30;75.68703703703703;102.21728395061729
2018;7;1;79.59444444444443;65.16913580246914
2018;7;2;79.50246913580247;120.02962962962962
2018;7;3;74.96481481481482;46.285185185185185
2018;7;4;71.05185185185185;10.19753086419753
2018;7;5;67.79814814814816;46.8320987654321
2018;7;6;67.88765432098765;102.24814814814813
2018;7;7;68.91296296296296;64.59135802469136
2018;7;8;68.30987654320988;45.888888888888886
2018;7;9;68.0;9.617901234567901
2018;7;10;68.34135802469135;46.159876543209876
2018;7;11;68.75802469135802;45.82654320987655
2018;7;12;68.63888888888887;9.542592592592591
2018;7;13;69.35555555555555;9.970987654320986
2018;7;14;72.39074074074075;83.25432098765432
2018;7;15;74.8543209876543;9.488271604938271
2018;7;16;76.45061728395062;9.505555555555555
2018;7;17;71.05246913580248;9.069753086419752
2018;7;18;69.4962962962963;9.034567901234567
2018;7;19;71.40925925925927;8.821604938271603
2018;7;20;71.72901234567902;8.817901234567902
2018;7;21;69.21975308641976;9.035185185185185
2018;7;22;66.59506172839507;9.426543209876543
2018;7;23;64.8648148148148;119.8216049382716
2018;7;24;68.6148148148148;175.41975308641975
2018;7;25;72.18086419753087;65.37716049382715
2018;7;26;77.94753086419752;65.6148148148148
2018;7;27;78.27407407407408;102.020987654321
2018;7;28;76.52469135802468;46.6395061728395
2018;7;29;68.6783950617284;10.426543209876542
2018;7;30;65.22962962962964;10.633333333333333
2018;7;31;67.83580246913581;59.432716049382734
2018;8;1;70.86913580246915;157.53024691358027
2018;8;2;73.97345679012345;102.32407407407408
2018;8;3;74.96358024691357;47.20061728395062
2018;8;4;71.58703703703705;9.448765432098766
2018;8;5;72.85617283950616;9.607407407407408
2018;8;6;74.02345679012346;10.143827160493828
2018;8;7;70.89074074074074;10.748765432098766
2018;8;8;63.00617283950617;9.117901234567901
2018;8;9;59.20617283950618;46.757407407407406
2018;8;10;64.60493827160494;102.21604938271605
2018;8;11;72.94814814814816;102.19999999999999
2018;8;12;72.12530864197531;139.1783950617284
2018;8;13;70.87160493827162;65.03641975308643
2018;8;14;66.1432098765432;47.23209876543209
2018;8;15;67.52407407407408;102.29382716049382
2018;8;16;70.29938271604938;46.32654320987654
2018;8;17;62.69074074074073;10.37716049382716
2018;8;18;59.611111111111114;46.956790123456784
2018;8;19;60.14938271604938;102.16913580246914
2018;8;20;65.74567901234568;46.445679012345664
2018;8;21;71.20493827160493;46.34074074074074
2018;8;22;60.72654320987655;9.57037037037037
2018;8;23;57.3679012345679;46.95432098765431
2018;8;24;61.74814814814815;168.7111111111111
2018;8;25;62.87962962962964;46.281481481481485
2018;8;26;62.83209876543211;46.04814814814815
2018;8;27;64.52345679012346;138.54320987654322
2018;8;28;66.60864197530863;156.6172839506173
2018;8;29;68.89012345679012;156.53703703703707
2018;8;30;69.69320987654321;156.44444444444446
2018;8;31;68.27037037037037;64.8216049382716
2018;9;1;68.94753086419753;101.58148148148148
2018;9;2;64.64876543209876;45.42407407407407
2018;9;3;61.876543209876544;45.49444444444444
2018;9;4;62.437037037037044;100.83395061728395
2018;9;5;63.14259259259259;156.51975308641974
2018;9;6;62.956790123456784;156.33333333333334
2018;9;7;61.19074074074074;101.1648148148148
2018;9;8;61.92901234567901;156.78518518518518
2018;9;9;61.57160493827161;101.00246913580246
2018;9;10;58.23271604938272;64.35864197530864
2018;9;11;58.17407407407407;248.5203703703704
2018;9;12;61.129629629629626;212.0783950617284
2018;9;13;66.56666666666666;46.08209876543211
2018;9;14;60.506790123456796;192.59506172839508
2018;9;15;61.409259259259265;113.25
2018;9;16;65.93086419753087;229.958024691358
2018;9;18;54.98827160493826;44.45432098765431
2018;9;19;52.39567901234568;8.444444444444445
2018;9;20;56.90555555555555;44.93518518518519
2018;9;21;58.753703703703714;63.41111111111112
2018;9;22;63.227160493827164;46.50185185185185
2018;9;23;64.08765432098765;155.67592592592592
2018;9;24;52.24166666666667;254.1916666666667
2018;9;25;52.26481481481481;7.400617283950619
2018;9;26;46.67407407407408;8.574691358024692
2018;9;27;42.5141975308642;6.974691358024692
2018;9;28;49.76882716049383;8.369753086419752
2018;9;29;48.6324074074074;8.102777777777778
2018;9;30;41.630864197530855;8.708641975308643
2018;10;1;45.446975308641974;252.20697530864197
2018;10;2;47.76172839506172;63.3962962962963
2018;10;3;51.56141975308642;7.307407407407407
2018;10;4;50.50277777777777;8.163227513227515
2018;10;5;41.965740740740735;8.366005291005292
2018;10;6;41.646075837742515;7.610052910052911
2018;10;7;53.37420634920633;8.052689594356261
2018;10;8;50.37438271604938;21.942283950617284
2018;10;9;41.59274691358026;21.959722222222226
2018;10;10;47.199691358024694;8.014197530864196
2018;10;11;46.8020987654321;20.014506172839507
2018;10;12;41.821543209876545;74.9983950617284
2018;10;13;43.9396913580247;8.19253086419753
2018;10;14;41.22401234567901;62.84981481481481
2018;10;15;47.967592592592595;5.317592592592593
2018;10;16;52.047901234567895;18.200000000000003
2018;10;17;48.37061728395062;20.00283950617284
2018;10;18;44.63666666666667;184.37024691358022
2018;10;19;52.71543209876543;18.97024691358025
2018;10;20;47.34370370370371;19.576172839506174
2018;10;21;40.677901234567905;8.898271604938273
2018;10;22;41.70197530864198;8.515555555555558
2018;10;23;44.58506172839506;7.505679012345679
2018;10;24;44.61567901234568;9.080493827160494
2018;10;25;46.65592592592592;6.84604938271605
2018;10;26;38.60975308641976;8.221111111111112
2018;10;27;35.10485970819304;9.19979797979798
2018;10;28;38.57098765432099;7.011851851851853
2018;10;29;33.63055555555556;9.090308641975307
2018;10;30;26.88031339031339;9.167207977207976
2018;10;31;24.456058879392216;84.64087369420703
2018;11;1;29.222877492877487;8.972535612535612
2018;11;2;35.1348717948718;53.72471035137702
2018;11;3;39.46299145299146;53.8500284900285
2018;11;4;41.78786324786325;7.108974358974359
2018;11;5;40.64074548907882;9.097578347578347
2018;11;6;37.343086419753085;8.606519468186134
2018;11;7;34.21851851851852;7.651638176638177
2018;11;8;34.36391737891738;6.983846153846154
2018;11;9;32.468689458689454;8.346400759734092
2018;11;10;25.54508072174739;21.02709401709402
2018;11;11;17.216999050332383;89.72996201329534
2018;11;12;15.657697056030388;110.73300094966761
2018;11;13;15.917823904490568;92.65004205670873
2018;11;14;18.690250305250302;80.1704246370913
2018;11;15;19.143502916836255;80.38823836657168
2018;11;16;19.969931488264827;80.4513838013838
2018;11;23;19.870265906932573;8.94076516076516
2018;11;24;23.13349477682811;9.14416904083571
2018;11;25;25.04349070682404;7.452163885497218
2018;11;26;23.848591778591775;6.6813566680233345
2018;11;27;19.841476054809387;7.751329534662868
2018;11;28;15.810023063356397;8.047985347985348
2018;11;29;11.476958350291685;9.87173653506987
2018;11;30;13.915453805453804;21.887515940849273
2018;12;1;9.095436168769503;86.68733821733821
2018;12;2;15.506471306471306;58.26727852394519
2018;12;3;23.581211504544836;9.042455569122236
2018;12;4;22.51520824854158;8.503033509700177
2018;12;5;24.180436847103515;9.127491520824854
2018;12;6;20.02293175959842;22.25866368199702
2018;12;7;20.393988603988603;7.602859856193188
2018;12;8;23.055707502374172;6.52764889431556
2018;12;9;24.36085741419075;6.086794193460861
2018;12;10;26.9290231990232;6.416556776556777
2018;12;11;25.09676027676027;7.4754415954415965
2018;12;12;22.719180572513903;21.097328720662055
2018;12;13;23.83550264550265;7.2410175010175
2018;12;14;25.320538597205267;8.038472391805724
2018;12;15;20.593334690001356;8.18045584045584
2018;12;16;15.564390177723514;7.786795550128884
2018;12;17;16.901447564780895;7.668472391805725
2018;12;18;14.769040835707504;7.50027269027269
2018;12;19;11.519628272961606;6.346117216117216
2018;12;20;10.036221679555013;6.714884004884004
2018;12;21;7.926616469949803;7.652570885904221
2018;12;22;7.9895048161714834;6.9564197530864185
2018;12;23;12.30510242843576;5.943459503459504
2018;12;24;20.558599918599914;4.348878035544702
2018;12;25;17.170071903405233;6.593618233618233
2018;12;26;16.677149640482973;3.8276488943155615
2018;12;27;20.317704517704513;5.71944240944241
2018;12;28;14.813664360331027;6.876205399538733
2018;12;29;9.919020485687152;7.921275267941935
2018;12;30;5.678012481345814;7.720664767331434
2018;12;31;9.799811423144757;7.273829873829874
2019;1;1;11.41253086419753;7.493862433862434
2019;1;2;20.287989417989415;7.9777601410934755
2019;1;3;21.364700176366846;7.976402116402117
2019;1;4;18.943130511463846;5.710291005291005
2019;1;5;18.32626102292769;4.2756966490299835
2019;1;6;13.178580246913581;8.118721340388007
2019;1;7;2.1647883597883593;9.188597883597886
2019;1;8;2.8958994708994705;8.253932980599648
2019;1;9;7.618721340388008;8.237654320987653
2019;1;10;12.44373897707231;7.927813051146384
2019;1;11;12.118747795414462;7.365855379188712
2019;1;12;16.668015873015875;6.585352733686067
2019;1;13;13.724373897707231;7.017186948853616
2019;1;14;17.474514991181657;7.756922398589065
2019;1;15;25.35322751322751;5.792592592592594
2019;1;16;26.782345679012344;4.35589065255732
2019;1;17;18.725705467372133;9.328377425044092
2019;1;18;23.31298059964727;8.198800705467372
2019;1;19;26.394365079365077;7.092733686067019
2019;1;20;14.364303350970017;9.847724867724867
2019;1;21;15.084929453262784;6.371067019400353
2019;1;22;4.608068783068783;9.177813051146382
2019;1;23;-6.090132275132275;9.414929453262788
2019;1;24;-0.5743033509700177;6.153862433862432
2019;1;25;-0.7701851851851853;9.601569664903
2019;1;26;-2.1121164021164027;9.800634920634918
2019;1;27;7.568015873015873;8.939223985890653
2019;1;28;13.151825396825394;8.169462081128747
2019;1;29;14.121878306878308;8.921613756613755
2019;1;30;14.6860582010582;10.09047619047619
2019;1;31;16.116631393298057;9.010520282186949
2019;2;1;12.983668430335099;9.059012345679012
2019;2;2;11.938844797178131;8.524479717813051
2019;2;3;15.46136684303351;6.68257495590829
2019;2;4;19.248139329805994;5.842010582010583
2019;2;5;16.57651675485009;5.090379188712522
2019;2;6;16.02130511463845;7.758562610229278
2019;2;7;20.27451499118166;5.098192239858906
2019;2;8;20.700052910052914;9.794611992945326
2019;2;9;20.126693121693123;9.079585537918872
2019;2;10;17.22814814814815;8.960458553791888
2019;2;11;13.956604938271603;9.313289241622575
2019;2;12;16.197072310405645;10.045881834215166
2019;2;13;18.322865961199298;8.14489417989418
2019;2;14;23.9334126984127;7.280952380952382
2019;2;15;23.344126984126984;7.281252204585538
2019;2;16;31.712680776014103;8.546860670194004
2019;2;17;28.403403880070552;8.638456790123456
2019;2;18;25.228430335097002;5.964761904761906
2019;2;19;15.218968253968256;10.63058201058201
2019;2;20;24.277319223985884;10.630326278659611
2019;2;21;29.221164021164025;6.63137566137566
2019;2;22;21.499056437389772;6.715793650793651
2019;2;23;11.665458553791886;9.981093474426807
2019;2;24;10.840185185185186;10.267037037037039
2019;2;25;21.561825396825398;6.82352733686067
2019;2;26;26.5658024691358;5.823077601410935
2019;2;27;25.919179894179894;6.93963844797178
2019;2;28;26.51220458553792;7.064506172839505
2019;3;1;28.5876455026455;5.3196031746031744
2019;3;2;21.41916225749559;7.790520282186948
2019;3;3;15.319285714285716;8.94599647266314
2019;3;4;22.636746031746032;8.057530864197531
2019;3;5;28.930449735449738;6.64632275132275
2019;3;6;32.48845679012346;8.276913580246916
2019;3;7;18.65863315696649;11.480282186948854
2019;3;8;21.552592592592593;10.63621693121693
2019;3;9;32.91044973544974;7.8944091710758375
2019;3;10;33.34675485008818;7.3985978835978825
2019;3;11;33.76843033509701;4.593192239858906
2019;3;12;32.077248677248676;7.481843033509701
2019;3;13;25.834858906525568;10.031798941798943
2019;3;14;23.133280423280425;9.260052910052911
2019;3;15;22.526816578483242;11.314717813051146
2019;3;16;27.151349206349202;8.730731922398588
2019;3;17;31.47861552028219;8.98305114638448
2019;3;18;32.27479717813051;10.451269841269841
2019;3;19;31.179268077601414;9.894268077601412
2019;3;20;33.24529982363316;8.385326278659612
2019;3;21;33.33613756613757;7.497231040564374
2019;3;22;32.84632275132276;8.818650793650795
2019;3;23;32.6210229276896;8.248148148148148
2019;3;24;32.22845679012346;9.047283950617285
2019;3;25;32.1923544973545;6.571569664902999
2019;3;26;33.70568783068783;10.098095238095238
2019;3;27;34.520873015873015;8.272724867724868
2019;3;28;32.890229276895944;9.605017636684302
2019;3;29;30.91595238095239;11.074479717813054
2019;3;30;31.208483245149914;9.302707231040564
2019;3;31;39.84684303350971;11.092742504409172
2019;4;1;40.392539682539685;11.128968253968253
2019;4;2;36.71873015873015;11.264462081128748
2019;4;3;36.11177248677249;11.253694885361552
2019;4;4;36.42806878306879;10.808862433862434
2019;4;5;36.206358024691355;9.316975308641974
2019;4;6;38.29018518518518;7.5938888888888885
2019;4;7;38.6166049382716;7.256851851851852
2019;4;8;40.040555555555564;10.185864197530861
2019;4;9;43.33240740740741;10.09641975308642
2019;4;10;50.6058024691358;10.986358024691356
2019;4;11;54.13518518518519;10.908518518518518
2019;4;12;49.48283950617284;10.823395061728396
2019;4;13;43.63006172839506;10.450061728395063
2019;4;14;40.50870370370371;11.404012345679014
2019;4;15;41.40679012345679;11.85438271604938
2019;4;16;41.87833333333333;11.585864197530864
2019;4;17;33.76061728395061;12.091296296296296
2019;4;18;34.809135802469136;11.821296296296298
2019;4;19;39.202160493827165;11.233703703703704
2019;4;20;43.63006172839507;11.279567901234564
2019;4;21;46.78635802469136;10.765493827160494
2019;4;22;50.59432098765433;11.260987654320989
2019;4;23;50.44228395061728;11.103271604938271
2019;4;24;55.88235129068463;10.969006734006733
2019;4;25;59.01635241301907;11.299629629629628
2019;4;26;53.73767676767678;11.412861952861952
2019;4;27;57.185033670033675;11.067979797979799
2019;4;28;44.10424242424242;10.008731762065096
2019;4;29;37.43606060606061;11.784135802469137
2019;4;30;40.50677328843995;11.692160493827162
2019;5;1;47.33287037037037;11.479320987654322
2019;5;2;46.950771604938275;7.5820987654320975
2019;5;3;55.52354497354497;9.211287477954144
2019;5;4;58.564638447971774;10.860052910052909
2019;5;5;61.73121693121693;10.62169312169312
2019;5;6;61.47901234567902;9.066666666666666
2019;5;7;61.360493827160504;9.34074074074074
2019;5;8;67.52345679012348;10.301234567901234
2019;5;9;70.08981481481482;10.593209876543208
2019;5;10;72.14938271604939;10.250617283950618
2019;5;11;72.6888888888889;10.27746913580247
2019;5;12;71.37962962962962;10.343518518518518
2019;5;13;73.03518518518518;10.223456790123455
2019;5;14;71.09876543209877;10.059876543209876
2019;5;15;67.38271604938274;8.97530864197531
2019;5;16;60.5604938271605;9.056172839506171
2019;5;17;52.98271604938272;10.54814814814815
2019;5;18;53.86296296296296;10.259259259259258
2019;5;19;48.38580246913581;10.129629629629628
2019;5;20;47.86018518518519;10.312037037037037
2019;5;21;53.95694444444445;10.415740740740741
2019;5;22;57.29629629629629;9.455092592592592
2019;5;23;60.58148148148148;8.894444444444444
2019;5;24;49.713425925925925;10.856944444444444
2019;5;25;51.99027777777778;10.74398148148148
2019;5;26;59.6236111111111;9.902777777777777
2019;5;27;63.65308641975308;10.67716049382716
2019;5;28;65.9625;10.286574074074073
2019;5;29;70.66435185185185;10.113888888888889
2019;5;30;74.37731481481481;10.252314814814813
2019;5;31;73.19675925925927;10.375462962962963
2019;6;1;69.14675925925926;9.285648148148148
2019;6;2;66.42916666666667;10.316203703703703
2019;6;3;64.7425925925926;10.176851851851852
2019;6;4;59.028703703703705;10.668981481481483
2019;6;5;65.71203703703705;10.736574074074074
2019;6;6;70.1087962962963;10.612499999999999
2019;6;7;67.51203703703703;10.729166666666668
2019;6;8;68.80787037037038;10.49074074074074
2019;6;9;69.21666666666667;10.715277777777779
2019;6;10;72.42314814814814;10.269444444444446
2019;6;11;73.72839506172839;10.61296296296296
2019;6;12;69.9395061728395;10.69135802469136
2019;6;13;56.51790123456791;10.808641975308642
2019;6;14;56.69814814814814;10.179012345679011
2019;6;15;57.61172839506173;10.28395061728395
2019;6;16;60.64197530864197;10.327777777777776
2019;6;17;65.68827160493827;10.72530864197531
2019;6;18;68.63703703703703;10.419753086419753
2019;6;19;69.42345679012345;10.182098765432098
2019;6;20;72.51666666666668;10.538888888888888
2019;6;21;73.55864197530863;10.721604938271604
2019;6;22;76.9104938271605;10.436419753086419
2019;6;23;78.34259259259258;10.64753086419753
2019;6;24;71.30493827160495;9.938271604938272
2019;6;25;65.90987654320988;10.937037037037037
2019;6;26;61.07901234567901;10.814814814814817
2019;6;27;58.566049382716045;9.101234567901237
2019;6;28;61.677160493827174;7.958641975308642
2019;6;29;61.580864197530865;9.653703703703703
2019;6;30;56.90432098765432;9.348765432098766
2019;7;1;61.33395061728395;10.121604938271608
2019;7;2;66.8111111111111;9.865432098765432
2019;7;3;67.38765432098765;10.31851851851852
2019;7;4;63.420987654321;10.239506172839507
2019;7;5;59.30555555555556;10.498148148148147
2019;7;6;61.91790123456791;9.35061728395062
2019;7;7;60.34135802469137;9.428395061728395
2019;7;8;64.46234567901234;9.785185185185187
2019;7;9;65.68024691358023;9.215432098765431
2019;7;10;63.217901234567904;9.712962962962962
2019;7;11;63.083333333333336;9.848148148148148
2019;7;12;63.82098765432099;9.410493827160492
2019;7;13;63.92006172839506;10.129753086419752
2019;7;14;64.44691358024691;9.408641975308642
2019;7;15;64.63271604938272;9.988888888888889
2019;7;16;66.77855379188713;11.204656084656083
2019;7;17;65.73897707231042;9.633597883597883
2019;7;18;68.65125220458555;10.80958553791887
2019;7;19;70.1408024691358;10.555802469135802
2019;7;20;67.02154320987654;11.926613756613758
2019;7;21;67.04753086419754;10.522222222222224
2019;7;22;64.56781305114639;11.567918871252207
2019;7;23;66.14753086419753;10.082716049382716
2019;7;24;69.73703703703704;10.124691358024693
2019;7;25;72.55123456790123;10.208024691358023
2019;7;26;72.77160493827161;8.22777777777778
2019;7;27;71.66296296296296;9.462962962962962
2019;7;28;65.3851851851852;10.295061728395062
2019;7;29;54.841975308641985;10.096296296296297
2019;7;30;54.64320987654321;10.143827160493828
2019;7;31;52.683950617283955;8.773456790123458
2019;8;1;54.659876543209876;9.466666666666667
2019;8;2;56.46481481481481;9.617283950617285
2019;8;3;56.916666666666664;9.525308641975307
2019;8;4;57.75061728395062;9.934567901234566
2019;8;5;53.523456790123454;7.969753086419753
2019;8;6;52.83395061728395;8.875925925925927
2019;8;7;58.843209876543206;9.969135802469136
2019;8;8;63.32530864197531;9.430246913580248
2019;8;9;68.1648148148148;8.85925925925926
2019;8;10;63.22901234567902;9.07037037037037
2019;8;11;58.123456790123456;8.332716049382716
2019;8;12;54.114814814814814;10.329629629629629
2019;8;13;56.762962962962966;10.309259259259258
2019;8;14;63.22839506172839;9.689506172839506
2019;8;15;70.69567901234568;9.306172839506173
2019;8;16;69.59691358024692;8.233333333333334
2019;8;17;69.33518518518518;7.5166666666666675
2019;8;18;72.15246913580248;9.598148148148148
2019;8;19;72.77345679012345;9.314814814814817
2019;8;20;70.19444444444444;9.73395061728395
2019;8;21;70.05123456790122;9.712345679012348
2019;8;22;70.97222222222223;9.159876543209876
2019;8;23;66.31172839506173;10.23333333333333
2019;8;24;63.98456790123456;9.960493827160494
2019;8;25;61.44753086419754;9.688888888888888
2019;8;26;57.32654320987654;9.792592592592591
2019;8;27;58.12592592592593;9.048765432098767
2019;8;28;51.59320987654322;9.75617283950617
2019;8;29;51.68518518518518;9.43456790123457
2019;8;30;51.987037037037034;10.041975308641973
2019;8;31;52.5216049382716;10.012345679012347
2019;9;1;55.83657407407408;9.672685185185186
2019;9;2;55.270833333333336;9.344444444444445
2019;9;3;55.25;9.247089947089949
2019;9;4;55.18379629629629;9.663425925925928
2019;9;5;57.09583333333333;10.141666666666667
2019;9;6;58.599999999999994;9.564197530864199
2019;9;7;58.67098765432099;9.399382716049384
2019;9;8;59.26419753086421;9.649999999999999
2019;9;9;60.39027777777778;8.98101851851852
2019;9;10;60.48395061728396;9.664814814814815
2019;9;11;59.080864197530865;9.80493827160494
2019;9;12;60.9283950617284;9.725925925925928
2019;9;13;63.87175925925926;9.131944444444445
2019;9;14;62.42345679012346;8.604938271604938
2019;9;15;52.05493827160494;9.024691358024691
2019;9;16;51.13425925925926;8.593055555555557
2019;9;17;53.29027777777779;9.725000000000001
2019;9;18;48.92962962962963;8.820370370370371
2019;9;19;47.59197530864198;9.748148148148148
2019;9;20;45.70925925925926;8.741358024691358
2019;9;21;41.56388888888889;9.095833333333333
2019;9;22;39.33024691358024;7.9981481481481485
2019;9;23;38.84691358024691;9.267901234567901
2019;9;24;38.699506172839506;10.291049382716048
2019;9;25;40.290740740740745;10.491666666666667
2019;9;26;41.72802469135802;10.486172839506171
2019;9;27;44.27987654320988;10.02962962962963
2019;9;28;42.61604938271606;9.762839506172838
2019;9;29;43.29037037037037;10.012685185185184
2019;9;30;48.407283950617284;8.114444444444445
2019;10;1;53.55012345679012;7.765061728395062
2019;10;2;54.15666666666667;9.582962962962963
2019;10;3;56.186790123456795;9.507654320987653
2019;10;4;57.69518518518518;9.154074074074074
2019;10;5;53.12074074074074;8.011666666666668
2019;10;6;53.412222222222226;8.252314814814815
2019;10;7;46.43666666666666;8.297407407407407
2019;10;8;38.00098765432099;8.555925925925926
2019;10;9;38.45993827160495;8.513518518518518
2019;10;10;44.15316137566137;7.682619047619048
2019;10;11;48.29703703703703;8.953209876543209
2019;10;12;48.28401234567902;8.417654320987655
2019;10;13;49.79734567901235;9.071450617283952
2019;10;14;49.78577160493827;9.804475308641976
2019;10;15;50.007314814814826;9.505
2019;10;16;37.5454012345679;9.804938271604938
2019;10;17;45.669259259259256;9.966049382716049
2019;10;18;48.702962962962964;8.743827160493828
2019;10;19;42.440802469135804;8.028888888888888
2019;10;20;43.44401234567901;7.810987654320987
2019;10;21;51.6174074074074;8.633086419753088
2019;10;22;46.666666666666664;9.538395061728393
2019;10;23;48.1725925925926;8.452962962962964
2019;10;24;49.05333333333333;8.452716049382715
2019;10;25;47.31790123456789;8.952716049382715
2019;10;26;49.060987654320996;8.675432098765432
2019;10;27;50.503456790123465;8.228024691358025
2019;10;28;46.12765432098765;9.444197530864194
2019;10;29;33.326728395061735;9.486604938271604
2019;10;30;32.96006172839506;7.704074074074075
2019;10;31;25.652804232804232;7.0756164822831495
2019;11;1;23.82335097001764;9.285176366843032
2019;11;2;28.045211640211644;9.026657848324513
2019;11;3;31.079206349206352;9.691843033509702
2019;11;4;35.34875661375661;10.219902998236329
2019;11;5;43.7554585537919;9.33915343915344
2019;11;6;49.0854938271605;8.784497354497354
2019;11;7;49.485066137566136;8.96167548500882
2019;11;8;35.33227954144621;8.277178130511466
2019;11;9;29.611287477954143;9.364413580246914
2019;11;10;31.926014109347445;6.04526455026455
2019;11;11;35.71436507936508;5.344506172839506
2019;11;12;38.708888888888886;5.860273368606701
2019;11;13;36.91426807760141;10.215705467372134
2019;11;14;31.840666987333652;8.774195927529261
2019;11;15;30.3036684303351;8.57636684303351
2019;11;16;32.46140211640212;9.817477954144621
2019;11;17;33.489100529100526;7.257389770723104
2019;11;18;36.21348324514991;5.84389770723104
2019;11;19;31.218359788359788;7.707663139329806
2019;11;20;12.270185185185186;10.370440917107581
2019;11;21;9.996499118165787;10.56453262786596
2019;11;22;14.013077601410934;10.863342151675486
2019;11;23;15.275873015873016;10.792257495590828
2019;11;24;14.93373015873016;10.488725749559084
2019;11;25;16.367045855379192;10.733562610229276
2019;11;26;16.297962962962963;10.389982363315694
2019;11;27;17.7176278659612;9.257548500881835
2019;11;28;22.12250440917107;10.248447971781303
2019;11;29;24.701287477954143;10.285784832451498
2019;11;30;28.14327160493827;9.093880070546739
2019;12;1;27.77835097001763;5.813712522045854
2019;12;2;19.383862433862433;10.00037037037037
2019;12;3;21.086507936507935;7.348888888888889
2019;12;4;20.75843915343915;7.073306878306877
2019;12;5;28.227231040564376;6.944082892416225
2019;12;6;33.050934744268076;8.74462081128748
2019;12;7;30.55022927689594;9.881613756613756
2019;12;8;34.2205291005291;9.323730158730159
2019;12;9;32.837328042328046;8.709594356261022
2019;12;10;31.67432098765432;5.645097001763669
2019;12;11;30.08865961199294;5.0889417989418
2019;12;12;21.025943562610223;9.590802469135802
2019;12;13;15.732019400352733;8.472336860670195
2019;12;14;16.131869488536157;9.675652557319225
2019;12;15;23.41952380952381;9.535820105820106
2019;12;16;26.50850970017636;6.538818342151675
2019;12;17;31.769012345679016;18.634453262786593
2019;12;18;32.62468253968254;7.157813051146385
2019;12;19;34.65664902998237;7.1338183421516765
2019;12;20;30.125758377425043;9.07485008818342
2019;12;21;25.44740740740741;10.615758377425045
2019;12;22;26.759259259259256;10.31499118165785
2019;12;23;29.76598765432099;9.558245149911818
2019;12;24;24.306887125220456;9.304223985890653
2019;12;25;17.423774250440918;9.365185185185185
2019;12;26;14.4202733686067;10.011543209876544
2019;12;27;14.985617283950615;8.76752204585538
2019;12;28;16.953439153439152;8.265758377425046
2019;12;29;18.18305114638448;8.469223985890652
2019;12;30;17.836490299823634;7.676895943562609
2019;12;31;27.32746913580247;5.44494708994709
2020;1;1;28.355996472663136;6.999929453262785
2020;1;2;21.834215167548507;8.671516754850089
2020;1;3;28.298386243386243;8.406128747795414
2020;1;4;29.713915343915346;8.89984126984127
2020;1;5;30.6713315696649;8.392839506172841
2020;1;6;26.883015873015875;7.1969047619047615
2020;1;7;23.358544973544973;6.277178130511463
2020;1;8;20.445687830687834;19.47637566137567
2020;1;9;25.186931216931217;7.449409171075838
2020;1;10;27.262292768959437;7.752777777777776
2020;1;11;27.074576719576722;8.860264550264551
2020;1;12;22.671975308641972;6.243615520282187
2020;1;13;27.65433862433862;6.855361552028218
2020;1;14;31.243174603174605;10.593033509700177
2020;1;15;28.967671957671957;10.165414462081129
2020;1;16;32.70418871252204;7.235934744268079
2020;1;17;33.72547619047619;7.319241622574958
2020;1;18;33.55225749559083;8.443139329805998
2020;1;19;30.802486772486773;9.350176366843034
2020;1;20;30.729779541446206;7.840881834215168
2020;1;21;31.90284832451499;5.805440917107583
2020;1;22;30.783377425044094;8.451481481481482
2020;1;23;23.41830687830688;9.033544973544974
2020;1;24;17.41795414462081;9.482239858906528
2020;1;25;29.5202557319224;8.009647266313934
2020;1;26;25.885758377425038;8.300485008818342
2020;1;27;21.54452380952381;8.043659611992943
2020;1;28;9.429902998236331;9.18541446208113
2020;1;29;19.498827160493825;5.837222222222222
2020;1;30;27.09346560846561;6.008324514991181
2020;1;31;31.165537918871255;6.503139329805996
2020;2;1;29.885352733686066;7.033333333333334
2020;2;2;31.11833333333334;6.716490299823635
2020;2;3;33.9133774250441;6.134250440917108
2020;2;4;30.763959435626095;9.010061728395062
2020;2;5;23.254135802469136;8.856904761904762
2020;2;6;16.033086419753086;9.636710758377424
2020;2;7;15.69257495590829;8.099382716049384
2020;2;8;6.34041446208113;9.330088183421518
2020;2;9;4.950458553791887;10.155282186948853
2020;2;10;20.561384479717812;10.11969135802469
2020;2;11;21.446446208112874;10.244356261022928
2020;2;12;19.609171075837743;10.398174603174603
2020;2;13;17.05926807760141;9.857680776014108
2020;2;14;14.677760141093472;9.162901234567903
2020;2;15;20.51778659611993;8.05179012345679
2020;2;16;24.698553791887125;8.08719576719577
2020;2;17;32.21858906525573;9.366102292768959
2020;2;18;33.96812169312169;8.735343915343917
2020;2;19;33.66738977072311;7.01753086419753
2020;2;20;33.53242504409171;9.476843033509702
2020;2;21;29.652045855379185;8.677134038800705
2020;2;22;26.83862433862434;8.645185185185184
2020;2;23;27.831437389770727;6.872275132275133
2020;2;24;32.50308641975309;8.383686067019402
2020;2;25;31.450423280423284;4.907398589065256
2020;2;26;28.00966490299824;10.27062610229277
2020;2;27;35.063104056437396;7.974902998236331
2020;2;28;36.83426807760141;7.480432098765432
2020;2;29;31.357425044091706;9.436181657848326
2020;3;1;29.75469135802469;10.849126984126986
2020;3;2;35.20992063492063;9.943800705467373
2020;3;3;35.6228835978836;10.523121693121693
2020;3;4;33.656111111111116;7.577698412698414
2020;3;5;32.457680776014115;9.357857142857144
2020;3;6;33.15863315696649;10.573439153439152
2020;3;7;35.69817460317461;10.37811287477954
2020;3;8;37.74675485008819;8.417619047619048
2020;3;9;38.22122574955908;7.1850440917107585
2020;3;10;40.951164021164026;7.152195767195768
2020;3;11;43.68236331569665;10.54216049382716
2020;3;12;41.857054673721336;8.82647266313933
2020;3;13;39.87978835978836;9.8234126984127
2020;3;14;35.66804232804233;9.78120811287478
2020;3;15;32.43588183421517;7.954065255731923
2020;3;16;30.070220458553795;10.658104056437388
2020;3;17;33.83325396825398;11.40299823633157
2020;3;18;39.15767195767196;11.250176366843034
2020;3;19;41.091137566137576;9.610282186948856
2020;3;20;36.23783950617284;10.517539682539685
2020;3;21;31.502583774250436;10.762610229276895
2020;3;22;26.386058201058205;9.456622574955908
2020;3;23;26.301649029982364;8.5992151675485
2020;3;24;26.785167548500883;8.759038800705468
2020;3;25;31.475652557319222;11.326252204585538
2020;3;26;41.54208994708995;11.595537918871251
2020;3;27;43.016322751322754;11.157777777777776
2020;3;28;43.422910052910055;11.199611992945327
2020;3;29;46.44014109347442;11.280696649029984
2020;3;30;48.41483245149912;10.903880070546737
2020;3;31;43.15929453262787;10.172019400352733
2020;4;1;30.626393298059966;10.746931216931216
2020;4;2;35.259805996472664;11.001640211640213
2020;4;3;42.04322751322751;11.27037037037037
2020;4;4;45.472592592592584;10.866534391534392
2020;4;5;38.32452380952381;11.298086419753089
2020;4;6;31.77877425044092;10.803906525573192
2020;4;7;34.44308641975309;12.696128747795415
2020;4;8;44.33768959435626;11.680590828924162
2020;4;9;48.88900352733686;11.59521164021164
2020;4;10;48.77099647266314;10.28747795414462
2020;4;11;40.81975308641975;8.688086419753084
2020;4;12;35.12648148148148;7.387407407407409
2020;4;13;35.56604938271605;11.711666666666666
2020;4;14;46.53641975308641;11.560185185185183
2020;4;15;45.41643097643097;9.214152637485972
2020;4;16;38.22697530864197;9.873641975308642
2020;4;17;39.89413580246914;9.484753086419751
2020;4;18;38.61308080808081;10.720897867564538
2020;4;19;40.39652076318743;10.871144781144782
2020;4;20;44.19567901234568;10.143827160493826
2020;4;21;40.024719416386084;7.277895622895623
2020;4;22;35.91384960718294;6.70665544332211
2020;4;23;33.29635802469136;10.481599326599328
2020;4;24;36.61241622574956;10.977865961199297
2020;4;25;48.55067901234568;10.425061728395061
2020;4;26;50.03814814814815;9.945925925925927
2020;4;27;48.093086419753085;9.227283950617284
2020;4;28;42.75950617283951;9.16777777777778
2020;4;29;48.85802469135803;10.642222222222221
2020;4;30;50.61012345679013;11.517962962962962
2020;5;1;48.629828042328036;10.521296296296297
2020;5;2;48.6741975308642;11.083703703703701
2020;5;3;53.84481481481482;11.17358024691358
2020;5;4;61.40432098765432;11.2879012345679
2020;5;5;66.59722222222223;11.2358024691358
2020;5;6;62.18827160493827;10.906172839506171
2020;5;7;62.52345679012347;9.946913580246914
2020;5;8;63.05617283950616;9.946913580246914
2020;5;9;62.337037037037035;9.961111111111114
2020;5;10;54.55864197530864;10.196913580246914
2020;5;11;54.86975308641976;10.475308641975309
2020;5;12;59.864814814814814;10.456172839506173
2020;5;13;52.2925925925926;8.891975308641975
2020;5;14;49.09320987654321;10.670987654320989
2020;5;15;46.990123456790116;7.670370370370372
2020;5;16;48.83580246913581;10.756172839506174
2020;5;17;51.67345679012346;10.799382716049385
2020;5;18;53.32037037037037;10.19753086419753
2020;5;19;46.8;8.988888888888889
2020;5;20;47.3320987654321;9.82777777777778
2020;5;21;50.71111111111111;10.152469135802468
2020;5;22;49.49876543209877;10.464814814814812
2020;5;23;51.28580246913581;9.957407407407409
2020;5;24;51.6432098765432;9.24382716049383
2020;5;25;55.05246913580246;10.354938271604937
2020;5;26;58.5246913580247;10.021604938271604
2020;5;27;59.687654320987654;10.080864197530863
2020;5;28;60.74506172839507;10.42530864197531
2020;5;29;66.50925925925925;10.126543209876543
2020;5;30;69.25493827160496;10.21358024691358
2020;5;31;60.55802469135803;8.725925925925926
2020;6;1;56.167283950617296;9.166666666666666
2020;6;2;55.51543209876543;9.25925925925926
2020;6;3;60.870987654321;9.747530864197532
2020;6;4;62.06851851851851;9.098148148148148
2020;6;5;63.79876543209876;8.737654320987653
2020;6;6;61.56728395061729;8.3641975308642
2020;6;7;63.343827160493824;9.392592592592594
2020;6;8;65.0074074074074;9.604320987654322
2020;6;9;66.52654320987655;9.940740740740743
2020;6;10;68.32530864197531;9.98395061728395
2020;6;11;71.80000000000001;10.027777777777779
2020;6;12;68.34753086419752;46.601851851851855
2020;6;13;59.012962962962966;9.7
2020;6;14;60.066049382716045;10.547530864197531
2020;6;15;62.842592592592595;10.542592592592591
2020;6;16;67.06666666666666;10.621604938271604
2020;6;17;71.28518518518518;10.325308641975306
2020;6;18;66.77222222222223;9.92283950617284
2020;6;19;65.80185185185185;10.388271604938272
2020;6;20;68.56296296296297;10.362345679012343
2020;6;21;61.1783950617284;10.501234567901232
2020;6;22;57.89135802469136;10.751234567901236
2020;6;23;61.030246913580264;9.95432098765432
2020;6;24;61.99814814814815;9.970370370370372
2020;6;25;57.74876543209877;10.504938271604939
2020;6;26;61.60432098765432;10.516666666666667
2020;6;27;68.79320987654322;9.967901234567899
2020;6;28;63.577160493827165;10.403086419753087
2020;6;29;58.34197530864198;10.477160493827162
2020;6;30;57.147530864197535;10.39938271604938
2020;7;1;62.84074074074075;10.025925925925925
2020;7;2;69.06358024691357;9.407407407407408
2020;7;3;72.00185185185185;10.264814814814814
2020;7;4;75.50740740740741;9.669135802469135
2020;7;5;74.75432098765434;10.098765432098766
2020;7;6;77.62037037037038;10.05246913580247
2020;7;7;81.22283950617285;10.027777777777779
2020;7;8;83.12283950617284;10.27716049382716
2020;7;9;78.66049382716048;9.526543209876543
2020;7;10;68.77037037037036;9.515432098765432
2020;7;11;69.55925925925926;10.41358024691358
2020;7;12;73.90617283950617;10.470987654320986
2020;7;13;77.36728395061728;9.901851851851852
2020;7;14;81.86296296296295;9.48703703703704
2020;7;15;75.15432098765433;9.792592592592591
2020;7;16;68.30246913580248;10.690740740740742
2020;7;17;66.86172839506172;10.234567901234568
2020;7;18;67.27160493827161;10.132098765432097
2020;7;19;67.1148148148148;9.91543209876543
2020;7;20;67.10185185185185;8.994444444444445
2020;7;21;67.31481481481482;8.880864197530864
2020;7;22;68.57098765432099;9.515432098765432
2020;7;23;65.14938271604939;9.498765432098766
2020;7;24;64.33209876543211;10.475308641975309
2020;7;25;64.29074074074074;10.236419753086418
2020;7;26;64.56481481481482;10.33148148148148
2020;7;27;66.9962962962963;10.035802469135799
2020;7;28;68.96543209876543;9.99382716049383
2020;7;29;71.7432098765432;10.295061728395062
2020;7;30;72.21975308641976;10.26296296296296
2020;7;31;66.70802469135803;9.882098765432099
2020;8;1;60.91234567901236;8.327777777777778
2020;8;2;60.666666666666664;8.617283950617285
2020;8;3;62.46913580246913;9.364197530864196
2020;8;4;64.71913580246914;9.696913580246912
2020;8;5;70.92283950617283;10.158641975308642
2020;8;6;75.08950617283949;9.733333333333333
2020;8;7;72.07407407407408;10.160493827160492
2020;8;8;65.6888888888889;9.925925925925927
2020;8;9;64.36296296296297;9.875308641975307
2020;8;10;61.16111111111112;10.014814814814814
2020;8;11;61.72407407407408;9.932098765432098
2020;8;12;62.8753086419753;9.279012345679012
2020;8;13;59.44382716049384;7.283950617283951
2020;8;14;55.63148148148149;7.130864197530864
2020;8;15;55.22839506172839;8.672222222222222
2020;8;16;57.52901234567901;46.31481481481481
2020;8;17;58.76111111111111;8.928395061728395
2020;8;18;56.77407407407408;9.997530864197529
2020;8;19;56.354320987654326;10.080246913580245
2020;8;20;56.120987654321;9.959259259259259
2020;8;21;57.62283950617283;10.204320987654322
2020;8;22;58.92839506172839;9.64320987654321
2020;8;23;61.82345679012346;9.669753086419753
2020;8;24;65.70308641975309;9.89938271604938
2020;8;25;66.8246913580247;9.808024691358026
2020;8;26;69.56358024691357;9.474691358024693
2020;8;27;67.72283950617286;9.928395061728395
2020;8;28;68.64753086419752;9.480864197530865
2020;8;29;63.80555555555556;9.269135802469135
2020;8;30;62.576543209876554;9.87901234567901
2020;8;31;70.6395061728395;9.64938271604938
2020;9;1;72.83827160493826;10.009876543209876
2020;9;2;60.25864197530864;10.100000000000001
2020;9;3;56.10617283950617;9.828395061728394
2020;9;4;56.16111111111112;10.055555555555555
2020;9;5;57.47654320987653;9.885185185185186
2020;9;6;59.99753086419753;10.079012345679011
2020;9;7;62.72530864197532;9.698765432098766
2020;9;8;65.629012345679;9.576543209876544
2020;9;9;55.65308641975309;9.259876543209876
2020;9;10;57.39012345679013;8.772839506172838
2020;9;11;56.949999999999996;9.333950617283952
2020;9;12;53.92654320987654;9.640740740740743
2020;9;13;56.635185185185186;9.837037037037037
2020;9;14;54.20802469135803;9.533333333333335
2020;9;15;51.574691358024694;9.84074074074074
2020;9;16;49.05864197530863;9.96172839506173
2020;9;17;50.977160493827164;9.830864197530863
2020;9;18;54.985802469135805;9.062962962962963
2020;9;19;47.55246913580246;7.131481481481482
2020;9;20;45.74320987654322;9.081481481481482
2020;9;21;47.22345679012346;9.090123456790124
2020;9;22;55.422839506172835;9.440740740740742
2020;9;23;54.80432098765432;9.828395061728394
2020;9;24;52.79135802469136;9.253086419753087
2020;9;25;53.39259259259259;9.582716049382716
2020;9;26;53.47530864197531;9.443209876543209
2020;9;27;52.298765432098776;9.567283950617282
2020;9;28;51.327777777777776;9.541358024691355
2020;9;29;52.007407407407406;9.59074074074074
2020;9;30;53.36913580246913;9.556172839506171
2020;10;1;53.66111111111111;9.025308641975307
2020;10;2;52.57160493827161;8.808024691358026
2020;10;3;51.472222222222214;8.233641975308641
2020;10;4;46.15864197530865;9.588580246913581
2020;10;5;43.37716049382716;9.567592592592591
2020;10;6;49.955308641975314;9.741234567901234
2020;10;7;51.11407407407408;9.478456790123454
2020;10;8;50.59654320987655;9.549506172839505
2020;10;9;51.2396913580247;9.798456790123456
2020;10;10;50.81432098765433;9.465925925925925
2020;10;11;48.40716049382716;9.486111111111109
2020;10;12;50.64660493827161;9.766419753086417
2020;10;13;54.65537037037037;9.305679012345678
2020;10;14;53.50833333333334;9.13395061728395
2020;10;15;54.30901234567901;9.179012345679013
2020;10;16;50.599135802469135;9.179135802469135
2020;10;17;37.82271604938272;9.227283950617283
2020;10;18;44.02802469135803;8.082592592592592
2020;10;19;42.962592592592586;9.792716049382715
2020;10;20;39.1025925925926;9.705802469135802
2020;10;21;34.80926807760141;45.845052910052914
2020;10;22;34.22247795414462;9.485828924162256
2020;10;23;40.72798941798941;6.110299823633157
2020;10;24;49.26194003527337;8.739153439153439
2020;10;25;40.732508818342154;7.04733245149912
2020;10;26;36.05875661375661;9.577777777777778
2020;10;27;31.593086419753085;9.764444444444443
2020;10;28;32.92592592592593;9.947901234567901
2020;10;29;34.129012345679016;9.835925925925926
2020;10;30;37.081358024691355;9.217037037037036
2020;10;31;40.40802469135802;7.189012345679014
2020;11;1;39.447833894500555;8.083501683501684
2020;11;2;37.43335578002244;19.768529741863073
2020;11;3;35.63088664421998;18.31166105499439
2020;11;4;37.56152637485971;4.355117845117846
2020;11;5;39.20969696969697;5.525016835016835
2020;11;6;40.10271604938272;7.169775533108868
2020;11;7;37.374074074074066;8.864107744107743
2020;11;8;39.974141414141414;8.849248035914702
2020;11;9;33.37074074074074;10.247283950617284
2020;11;10;32.205925925925925;8.351851851851851
2020;11;11;30.891798941798942;10.030652557319225
2020;11;12;30.053580246913587;9.428447971781306
2020;11;13;30.160158730158727;8.515731922398588
2020;11;14;26.193474426807757;9.54508818342152
2020;11;15;17.752830687830688;10.17410934744268
2020;11;16;13.642619047619048;10.407927689594358
2020;11;17;12.207918871252204;10.179250440917107
2020;11;18;13.901181657848324;10.427936507936506
2020;11;19;21.274717813051144;10.460008818342152
2020;11;20;23.264656084656085;10.741887125220456
2020;11;21;19.540185185185184;11.052142857142858
2020;11;22;19.46685185185185;10.42410934744268
